cve_id,matched_keyword,published,cvss_score,cvss_vector,cvss_version,cvss_source,reference_count,sample_cpe,description,nvd_url,tier,package,installed_version,expected_vulnerable,source_advisory_url,notes
CVE-2015-7205,rtp,2015-12-16,10.0,AV:N/AC:L/Au:N/C:C/I:C/A:C,cvssMetricV2,nvd@nist.gov,44,cpe:2.3:o:fedoraproject:fedora:22:*:*:*:*:*:*:*,"Integer underflow in the RTPReceiverVideo::ParseRtpPacket function in Mozilla Firefox before 43.0 and Firefox ESR 38.x before 38.5 might allow remote attackers to obtain sensitive information, cause a denial of service, or possibly have unspecified o",https://nvd.nist.gov/vuln/detail/CVE-2015-7205,easy(suggested),,,,http://lists.fedoraproject.org/pipermail/package-announce/2015-December/174083.html,
CVE-2014-5077,sctp,2014-08-01,7.1,AV:N/AC:M/Au:N/C:N/I:N/A:C,cvssMetricV2,nvd@nist.gov,44,cpe:2.3:o:linux:linux_kernel:*:*:*:*:*:*:*:*,"The sctp_assoc_update function in net/sctp/associola.c in the Linux kernel through 3.15.8, when SCTP authentication is enabled, allows remote attackers to cause a denial of service (NULL pointer dereference and OOPS) by starting to establish an assoc",https://nvd.nist.gov/vuln/detail/CVE-2014-5077,easy(suggested),,,,http://git.kernel.org/?p=linux/kernel/git/torvalds/linux-2.6.git%3Ba=commit%3Bh=1be9a950c646c9092fb3618197f7b6bfb50e82aa,
CVE-2014-3687,sctp,2014-11-10,7.5,CVSS:3.1/AV:N/AC:L/PR:N/UI:N/S:U/C:N/I:N/A:H,cvssMetricV31,nvd@nist.gov,44,cpe:2.3:o:linux:linux_kernel:*:*:*:*:*:*:*:*,The sctp_assoc_lookup_asconf_ack function in net/sctp/associola.c in the SCTP implementation in the Linux kernel through 3.17.2 allows remote attackers to cause a denial of service (panic) via duplicate ASCONF chunks that trigger an incorrect uncork ,https://nvd.nist.gov/vuln/detail/CVE-2014-3687,easy(suggested),,,,http://git.kernel.org/?p=linux/kernel/git/torvalds/linux-2.6.git%3Ba=commit%3Bh=b69040d8e39f20d5215a03502a8e8b4c6ab78395,
CVE-2018-1002105,kubernetes,2018-12-05,9.8,CVSS:3.0/AV:N/AC:L/PR:N/UI:N/S:U/C:H/I:H/A:H,cvssMetricV30,jordan@liggitt.net,40,cpe:2.3:a:kubernetes:kubernetes:*:*:*:*:*:*:*:*,"In all Kubernetes versions prior to v1.10.11, v1.11.5, and v1.12.3, incorrect handling of error responses to proxied upgrade requests in the kube-apiserver allowed specially crafted requests to establish a connection through the Kubernetes API server",https://nvd.nist.gov/vuln/detail/CVE-2018-1002105,easy(suggested),,,,http://lists.opensuse.org/opensuse-security-announce/2020-04/msg00041.html,
CVE-2014-3673,sctp,2014-11-10,7.5,CVSS:3.1/AV:N/AC:L/PR:N/UI:N/S:U/C:N/I:N/A:H,cvssMetricV31,nvd@nist.gov,40,cpe:2.3:o:linux:linux_kernel:*:*:*:*:*:*:*:*,"The SCTP implementation in the Linux kernel through 3.17.2 allows remote attackers to cause a denial of service (system crash) via a malformed ASCONF chunk, related to net/sctp/sm_make_chunk.c and net/sctp/sm_statefuns.c.",https://nvd.nist.gov/vuln/detail/CVE-2014-3673,easy(suggested),,,,http://git.kernel.org/?p=linux/kernel/git/torvalds/linux-2.6.git%3Ba=commit%3Bh=9de7922bc709eee2f609cd01d98aaedc4cf5ea74,
CVE-2014-4667,sctp,2014-07-03,5.0,AV:N/AC:L/Au:N/C:N/I:N/A:P,cvssMetricV2,nvd@nist.gov,36,cpe:2.3:o:linux:linux_kernel:*:*:*:*:*:*:*:*,"The sctp_association_free function in net/sctp/associola.c in the Linux kernel before 3.15.2 does not properly manage a certain backlog value, which allows remote attackers to cause a denial of service (socket outage) via a crafted SCTP packet.",https://nvd.nist.gov/vuln/detail/CVE-2014-4667,easy(suggested),,,,http://git.kernel.org/?p=linux/kernel/git/torvalds/linux-2.6.git%3Ba=commit%3Bh=d3217b15a19a4779c39b212358a5c71d725822ee,
CVE-2016-1247,nginx,2016-11-29,7.8,CVSS:3.1/AV:L/AC:L/PR:L/UI:N/S:U/C:H/I:H/A:H,cvssMetricV31,nvd@nist.gov,30,cpe:2.3:a:f5:nginx:*:*:*:*:*:*:*:*,"The nginx package before 1.6.2-5+deb8u3 on Debian jessie, the nginx packages before 1.4.6-1ubuntu3.6 on Ubuntu 14.04 LTS, before 1.10.0-0ubuntu0.16.04.3 on Ubuntu 16.04 LTS, and before 1.10.1-0ubuntu1.1 on Ubuntu 16.10, and the nginx ebuild before 1.",https://nvd.nist.gov/vuln/detail/CVE-2016-1247,easy(suggested),,,,http://packetstormsecurity.com/files/139750/Nginx-Debian-Based-Distros-Root-Privilege-Escalation.html,
CVE-2018-16845,nginx,2018-11-07,6.1,CVSS:3.1/AV:L/AC:L/PR:N/UI:R/S:U/C:L/I:N/A:H,cvssMetricV31,nvd@nist.gov,28,cpe:2.3:a:f5:nginx:*:*:*:*:*:*:*:*,"nginx before versions 1.15.6, 1.14.1 has a vulnerability in the ngx_http_mp4_module, which might allow an attacker to cause infinite loop in a worker process, cause a worker process crash, or might result in worker process memory disclosure by using ",https://nvd.nist.gov/vuln/detail/CVE-2018-16845,easy(suggested),,,,http://lists.opensuse.org/opensuse-security-announce/2019-09/msg00035.html,
CVE-2014-6422,rtp,2014-09-20,5.0,AV:N/AC:L/Au:N/C:N/I:N/A:P,cvssMetricV2,nvd@nist.gov,28,cpe:2.3:a:wireshark:wireshark:1.10.0:*:*:*:*:*:*:*,"The SDP dissector in Wireshark 1.10.x before 1.10.10 creates duplicate hashtables for a media channel, which allows remote attackers to cause a denial of service (application crash) via a crafted packet to the RTP dissector.",https://nvd.nist.gov/vuln/detail/CVE-2014-6422,easy(suggested),,,,http://linux.oracle.com/errata/ELSA-2014-1676,
CVE-2018-16843,nginx,2018-11-07,7.5,CVSS:3.1/AV:N/AC:L/PR:N/UI:N/S:U/C:N/I:N/A:H,cvssMetricV31,nvd@nist.gov,24,cpe:2.3:a:f5:nginx:*:*:*:*:*:*:*:*,nginx before versions 1.15.6 and 1.14.1 has a vulnerability in the implementation of HTTP/2 that can allow for excessive memory consumption. This issue affects nginx compiled with the ngx_http_v2_module (not compiled by default) if the 'http2' option,https://nvd.nist.gov/vuln/detail/CVE-2018-16843,easy(suggested),,,,http://lists.opensuse.org/opensuse-security-announce/2019-09/msg00035.html,
CVE-2023-25173,containerd,2023-02-16,5.3,CVSS:3.1/AV:L/AC:L/PR:L/UI:N/S:U/C:L/I:L/A:L,cvssMetricV31,security-advisories@github.com,24,cpe:2.3:a:linuxfoundation:containerd:*:*:*:*:*:*:*:*,containerd is an open source container runtime. A bug was found in containerd prior to versions 1.6.18 and 1.5.18 where supplementary groups are not set up properly inside a container. If an attacker has direct access to a container and manipulates t,https://nvd.nist.gov/vuln/detail/CVE-2023-25173,easy(suggested),,,,https://github.com/advisories/GHSA-4wjj-jwc9-2x96,
CVE-2014-6421,rtp,2014-09-20,5.0,AV:N/AC:L/Au:N/C:N/I:N/A:P,cvssMetricV2,nvd@nist.gov,24,cpe:2.3:a:wireshark:wireshark:1.10.0:*:*:*:*:*:*:*,Use-after-free vulnerability in the SDP dissector in Wireshark 1.10.x before 1.10.10 allows remote attackers to cause a denial of service (application crash) via a crafted packet that leverages split memory ownership between the SDP and RTP dissector,https://nvd.nist.gov/vuln/detail/CVE-2014-6421,easy(suggested),,,,http://linux.oracle.com/errata/ELSA-2014-1676,
CVE-2014-0101,sctp,2014-03-11,7.8,AV:N/AC:L/Au:N/C:N/I:N/A:C,cvssMetricV2,nvd@nist.gov,24,cpe:2.3:o:linux:linux_kernel:*:*:*:*:*:*:*:*,"The sctp_sf_do_5_1D_ce function in net/sctp/sm_statefuns.c in the Linux kernel through 3.13.6 does not validate certain auth_enable and auth_capable fields before making an sctp_sf_authenticate call, which allows remote attackers to cause a denial of",https://nvd.nist.gov/vuln/detail/CVE-2014-0101,easy(suggested),,,,http://git.kernel.org/?p=linux/kernel/git/torvalds/linux-2.6.git%3Ba=commit%3Bh=ec0223ec48a90cb605244b45f7c62de856403729,
CVE-2016-0742,nginx,2016-02-15,7.5,CVSS:3.1/AV:N/AC:L/PR:N/UI:N/S:U/C:N/I:N/A:H,cvssMetricV31,nvd@nist.gov,22,cpe:2.3:a:f5:nginx:*:*:*:*:*:*:*:*,The resolver in nginx before 1.8.1 and 1.9.x before 1.9.10 allows remote attackers to cause a denial of service (invalid pointer dereference and worker process crash) via a crafted UDP DNS response.,https://nvd.nist.gov/vuln/detail/CVE-2016-0742,easy(suggested),,,,http://lists.opensuse.org/opensuse-updates/2016-02/msg00042.html,
CVE-2016-0746,nginx,2016-02-15,9.8,CVSS:3.1/AV:N/AC:L/PR:N/UI:N/S:U/C:H/I:H/A:H,cvssMetricV31,nvd@nist.gov,22,cpe:2.3:a:f5:nginx:*:*:*:*:*:*:*:*,Use-after-free vulnerability in the resolver in nginx 0.6.18 through 1.8.0 and 1.9.x before 1.9.10 allows remote attackers to cause a denial of service (worker process crash) or possibly have unspecified other impact via a crafted DNS response relate,https://nvd.nist.gov/vuln/detail/CVE-2016-0746,easy(suggested),,,,http://lists.opensuse.org/opensuse-updates/2016-02/msg00042.html,
CVE-2016-0747,nginx,2016-02-15,5.3,CVSS:3.1/AV:N/AC:L/PR:N/UI:N/S:U/C:N/I:N/A:L,cvssMetricV31,nvd@nist.gov,22,cpe:2.3:a:f5:nginx:*:*:*:*:*:*:*:*,"The resolver in nginx before 1.8.1 and 1.9.x before 1.9.10 does not properly limit CNAME resolution, which allows remote attackers to cause a denial of service (worker process resource consumption) via vectors related to arbitrary name resolution.",https://nvd.nist.gov/vuln/detail/CVE-2016-0747,easy(suggested),,,,http://lists.opensuse.org/opensuse-updates/2016-02/msg00042.html,
CVE-2018-16844,nginx,2018-11-07,7.5,CVSS:3.1/AV:N/AC:L/PR:N/UI:N/S:U/C:N/I:N/A:H,cvssMetricV31,nvd@nist.gov,22,cpe:2.3:a:f5:nginx:*:*:*:*:*:*:*:*,nginx before versions 1.15.6 and 1.14.1 has a vulnerability in the implementation of HTTP/2 that can allow for excessive CPU usage. This issue affects nginx compiled with the ngx_http_v2_module (not compiled by default) if the 'http2' option of the ',https://nvd.nist.gov/vuln/detail/CVE-2018-16844,easy(suggested),,,,http://lists.opensuse.org/opensuse-security-announce/2019-09/msg00035.html,
CVE-2022-23648,containerd,2022-03-03,7.5,CVSS:3.1/AV:N/AC:L/PR:N/UI:N/S:U/C:H/I:N/A:N,cvssMetricV31,security-advisories@github.com,22,cpe:2.3:a:linuxfoundation:containerd:*:*:*:*:*:*:*:*,"containerd is a container runtime available as a daemon for Linux and Windows. A bug was found in containerd prior to versions 1.6.1, 1.5.10, and 1.14.12 where containers launched through containerd’s CRI implementation on Linux with a specially-craf",https://nvd.nist.gov/vuln/detail/CVE-2022-23648,easy(suggested),,,,http://packetstormsecurity.com/files/166421/containerd-Image-Volume-Insecure-Handling.html,
CVE-2018-5130,rtp,2018-06-11,8.8,CVSS:3.0/AV:N/AC:L/PR:N/UI:R/S:U/C:H/I:H/A:H,cvssMetricV30,nvd@nist.gov,22,cpe:2.3:o:debian:debian_linux:7.0:*:*:*:*:*:*:*,"When packets with a mismatched RTP payload type are sent in WebRTC connections, in some circumstances a potentially exploitable crash is triggered. This vulnerability affects Firefox ESR < 52.7 and Firefox < 59.",https://nvd.nist.gov/vuln/detail/CVE-2018-5130,easy(suggested),,,,http://www.securityfocus.com/bid/103388,
CVE-2019-1002101,kubernetes,2019-04-01,6.4,CVSS:3.0/AV:N/AC:H/PR:H/UI:R/S:U/C:H/I:H/A:H,cvssMetricV30,josh@bress.net,21,cpe:2.3:a:kubernetes:kubernetes:*:*:*:*:*:*:*:*,"The kubectl cp command allows copying files between containers and the user machine. To copy files from a container, Kubernetes creates a tar inside the container, copies it over the network, and kubectl unpacks it on the user’s machine. If the tar b",https://nvd.nist.gov/vuln/detail/CVE-2019-1002101,easy(suggested),,,,http://www.openwall.com/lists/oss-security/2019/06/21/1,
CVE-2024-27396,gtp,2024-05-14,7.8,CVSS:3.1/AV:L/AC:L/PR:L/UI:N/S:U/C:H/I:H/A:H,cvssMetricV31,416baaa9-dc9f-4396-8d5f-8c081fb06d67,20,cpe:2.3:o:linux:linux_kernel:*:*:*:*:*:*:*:*,"In the Linux kernel, the following vulnerability has been resolved:

net: gtp: Fix Use-After-Free in gtp_dellink

Since call_rcu, which is called in the hlist_for_each_entry_rcu traversal
of gtp_dellink, is not part of the RCU read critical section, ",https://nvd.nist.gov/vuln/detail/CVE-2024-27396,easy(suggested),,,,https://git.kernel.org/stable/c/07b20d0a3dc13fb1adff10b60021a4924498da58,
CVE-2023-1260,kube-apiserver,2023-09-24,8.0,CVSS:3.1/AV:N/AC:H/PR:H/UI:N/S:C/C:H/I:H/A:H,cvssMetricV31,secalert@redhat.com,18,cpe:2.3:a:kubernetes:kube-apiserver:-:*:*:*:*:*:*:*,"An authentication bypass vulnerability was discovered in kube-apiserver. This issue could allow a remote, authenticated attacker who has been given permissions ""update, patch"" the ""pods/ephemeralcontainers"" subresource beyond what the default is. The",https://nvd.nist.gov/vuln/detail/CVE-2023-1260,easy(suggested),,,,https://access.redhat.com/errata/RHSA-2023:3976,
CVE-2019-7314,rtp,2019-02-04,9.8,CVSS:3.0/AV:N/AC:L/PR:N/UI:N/S:U/C:H/I:H/A:H,cvssMetricV30,nvd@nist.gov,18,cpe:2.3:a:live555:streaming_media:*:*:*:*:*:*:*:*,"liblivemedia in Live555 before 2019.02.03 mishandles the termination of an RTSP stream after RTP/RTCP-over-RTSP has been set up, which could lead to a Use-After-Free error that causes the RTSP server to crash (Segmentation fault) or possibly have uns",https://nvd.nist.gov/vuln/detail/CVE-2019-7314,easy(suggested),,,,http://lists.live555.com/pipermail/live-devel/2019-February/021143.html,
CVE-2014-5163,gtp,2014-08-01,5.0,AV:N/AC:L/Au:N/C:N/I:N/A:P,cvssMetricV2,nvd@nist.gov,18,cpe:2.3:a:wireshark:wireshark:1.10.0:*:*:*:*:*:*:*,"The APN decode functionality in (1) epan/dissectors/packet-gtp.c and (2) epan/dissectors/packet-gsm_a_gm.c in the GTP and GSM Management dissectors in Wireshark 1.10.x before 1.10.9 does not completely initialize a certain buffer, which allows remote",https://nvd.nist.gov/vuln/detail/CVE-2014-5163,easy(suggested),,,,http://lists.opensuse.org/opensuse-security-announce/2014-09/msg00033.html,
CVE-2024-26754,gtp,2024-04-03,7.8,CVSS:3.1/AV:L/AC:L/PR:L/UI:N/S:U/C:H/I:H/A:H,cvssMetricV31,nvd@nist.gov,18,cpe:2.3:o:linux:linux_kernel:*:*:*:*:*:*:*:*,"In the Linux kernel, the following vulnerability has been resolved:

gtp: fix use-after-free and null-ptr-deref in gtp_genl_dump_pdp()

The gtp_net_ops pernet operations structure for the subsystem must be
registered before registering the generic ne",https://nvd.nist.gov/vuln/detail/CVE-2024-26754,easy(suggested),,,,https://git.kernel.org/stable/c/136cfaca22567a03bbb3bf53a43d8cb5748b80ec,
CVE-2024-26793,gtp,2024-04-04,7.8,CVSS:3.1/AV:L/AC:L/PR:L/UI:N/S:U/C:H/I:H/A:H,cvssMetricV31,416baaa9-dc9f-4396-8d5f-8c081fb06d67,18,cpe:2.3:o:linux:linux_kernel:*:*:*:*:*:*:*:*,"In the Linux kernel, the following vulnerability has been resolved:

gtp: fix use-after-free and null-ptr-deref in gtp_newlink()

The gtp_link_ops operations structure for the subsystem must be
registered after registering the gtp_net_ops pernet oper",https://nvd.nist.gov/vuln/detail/CVE-2024-26793,easy(suggested),,,,https://git.kernel.org/stable/c/01129059d5141d62fae692f7a336ae3bc712d3eb,
CVE-2020-9431,lte,2020-02-27,7.5,CVSS:3.1/AV:N/AC:L/PR:N/UI:N/S:U/C:N/I:N/A:H,cvssMetricV31,nvd@nist.gov,18,cpe:2.3:a:wireshark:wireshark:*:*:*:*:*:*:*:*,"In Wireshark 3.2.0 to 3.2.1, 3.0.0 to 3.0.8, and 2.6.0 to 2.6.14, the LTE RRC dissector could leak memory. This was addressed in epan/dissectors/packet-lte-rrc.c by adjusting certain append operations.",https://nvd.nist.gov/vuln/detail/CVE-2020-9431,easy(suggested),,,,http://lists.opensuse.org/opensuse-security-announce/2020-03/msg00027.html,
CVE-2019-11249,kubernetes,2019-08-29,6.5,CVSS:3.1/AV:N/AC:L/PR:N/UI:R/S:U/C:N/I:H/A:N,cvssMetricV31,nvd@nist.gov,16,cpe:2.3:a:kubernetes:kubernetes:*:*:*:*:*:*:*:*,"The kubectl cp command allows copying files between containers and the user machine. To copy files from a container, Kubernetes runs tar inside the container to create a tar archive, copies it over the network, and kubectl unpacks it on the user’s ma",https://nvd.nist.gov/vuln/detail/CVE-2019-11249,easy(suggested),,,,https://access.redhat.com/errata/RHBA-2019:2794,
CVE-2021-21334,containerd,2021-03-10,6.3,CVSS:3.1/AV:N/AC:H/PR:L/UI:N/S:C/C:H/I:N/A:N,cvssMetricV31,security-advisories@github.com,16,cpe:2.3:a:linuxfoundation:containerd:*:*:*:*:*:*:*:*,"In containerd (an industry-standard container runtime) before versions 1.3.10 and 1.4.4, containers launched through containerd's CRI implementation (through Kubernetes, crictl, or any other pod/container client that uses the containerd CRI service) ",https://nvd.nist.gov/vuln/detail/CVE-2021-21334,easy(suggested),,,,https://github.com/containerd/containerd/commit/05f951a3781f4f2c1911b05e61c160e9c30eaa8e,
CVE-2020-8619,bind9,2020-06-17,4.9,CVSS:3.1/AV:N/AC:L/PR:H/UI:N/S:U/C:N/I:N/A:H,cvssMetricV31,security-officer@isc.org,16,cpe:2.3:a:isc:bind:*:*:*:*:*:*:*:*,"In ISC BIND9 versions BIND 9.11.14 -> 9.11.19, BIND 9.14.9 -> 9.14.12, BIND 9.16.0 -> 9.16.3, BIND Supported Preview Edition 9.11.14-S1 -> 9.11.19-S1: Unless a nameserver is providing authoritative service for one or more zones and at least one zone ",https://nvd.nist.gov/vuln/detail/CVE-2020-8619,easy(suggested),,,,http://lists.opensuse.org/opensuse-security-announce/2020-10/msg00041.html,
CVE-2016-4450,nginx,2016-06-07,7.5,CVSS:3.1/AV:N/AC:L/PR:N/UI:N/S:U/C:N/I:N/A:H,cvssMetricV31,nvd@nist.gov,14,cpe:2.3:o:canonical:ubuntu_linux:14.04:*:*:*:esm:*:*:*,"os/unix/ngx_files.c in nginx before 1.10.1 and 1.11.x before 1.11.1 allows remote attackers to cause a denial of service (NULL pointer dereference and worker process crash) via a crafted request, involving writing a client request body to a temporary",https://nvd.nist.gov/vuln/detail/CVE-2016-4450,easy(suggested),,,,http://mailman.nginx.org/pipermail/nginx-announce/2016/000179.html,
CVE-2017-7529,nginx,2017-07-13,7.5,CVSS:3.1/AV:N/AC:L/PR:N/UI:N/S:U/C:H/I:N/A:N,cvssMetricV31,nvd@nist.gov,14,cpe:2.3:a:f5:nginx:*:*:*:*:*:*:*:*,Nginx versions since 0.5.6 up to and including 1.13.2 are vulnerable to integer overflow vulnerability in nginx range filter module resulting into leak of potentially sensitive information triggered by specially crafted request.,https://nvd.nist.gov/vuln/detail/CVE-2017-7529,easy(suggested),,,,http://mailman.nginx.org/pipermail/nginx-announce/2017/000200.html,
CVE-2019-11247,kubernetes,2019-08-29,8.1,CVSS:3.1/AV:N/AC:L/PR:L/UI:N/S:U/C:H/I:H/A:N,cvssMetricV31,nvd@nist.gov,14,cpe:2.3:a:kubernetes:kubernetes:*:*:*:*:*:*:*:*,The Kubernetes kube-apiserver mistakenly allows access to a cluster-scoped custom resource if the request is made as if the resource were namespaced. Authorizations for the resource accessed in this manner are enforced using roles and role bindings w,https://nvd.nist.gov/vuln/detail/CVE-2019-11247,easy(suggested),,,,https://access.redhat.com/errata/RHBA-2019:2816,
CVE-2021-41103,containerd,2021-10-04,7.8,CVSS:3.1/AV:L/AC:L/PR:L/UI:N/S:U/C:H/I:H/A:H,cvssMetricV31,nvd@nist.gov,14,cpe:2.3:a:linuxfoundation:containerd:*:*:*:*:*:*:*:*,"containerd is an open source container runtime with an emphasis on simplicity, robustness and portability. A bug was found in containerd where container root directories and some plugins had insufficiently restricted permissions, allowing otherwise u",https://nvd.nist.gov/vuln/detail/CVE-2021-41103,easy(suggested),,,,https://cert-portal.siemens.com/productcert/pdf/ssa-222547.pdf,
CVE-2022-24778,containerd,2022-03-25,7.5,CVSS:3.1/AV:N/AC:L/PR:N/UI:N/S:U/C:H/I:N/A:N,cvssMetricV31,security-advisories@github.com,14,cpe:2.3:a:linuxfoundation:imgcrypt:*:*:*:*:*:*:*:*,The imgcrypt library provides API exensions for containerd to support encrypted container images and implements the ctd-decoder command line tool for use by containerd to decrypt encrypted container images. The imgcrypt function `CheckAuthorization` ,https://nvd.nist.gov/vuln/detail/CVE-2022-24778,easy(suggested),,,,https://github.com/containerd/imgcrypt/commit/6fdd9818a4d8142107b7ecd767d839c9707700d9,
CVE-2022-31030,containerd,2022-06-09,5.5,CVSS:3.1/AV:L/AC:L/PR:L/UI:N/S:U/C:N/I:N/A:H,cvssMetricV31,security-advisories@github.com,14,cpe:2.3:a:linuxfoundation:containerd:*:*:*:*:*:*:*:*,containerd is an open source container runtime. A bug was found in the containerd's CRI implementation where programs inside a container can cause the containerd daemon to consume memory without bound during invocation of the `ExecSync` API. This can,https://nvd.nist.gov/vuln/detail/CVE-2022-31030,easy(suggested),,,,http://www.openwall.com/lists/oss-security/2022/06/07/1,
CVE-2019-5892,frr,2019-01-10,6.5,CVSS:3.0/AV:N/AC:L/PR:L/UI:N/S:U/C:N/I:N/A:H,cvssMetricV30,nvd@nist.gov,14,cpe:2.3:a:frrouting:frrouting:*:*:*:*:*:*:*:*,"bgpd in FRRouting FRR (aka Free Range Routing) 2.x and 3.x before 3.0.4, 4.x before 4.0.1, 5.x before 5.0.2, and 6.x before 6.0.2 (not affecting Cumulus Linux or VyOS), when ENABLE_BGP_VNC is used for Virtual Network Control, allows remote attackers ",https://nvd.nist.gov/vuln/detail/CVE-2019-5892,easy(suggested),,,,https://frrouting.org/community/security/cve-2019-5892.html,
CVE-2022-36440,frr,2023-04-03,7.5,CVSS:3.1/AV:N/AC:L/PR:N/UI:N/S:U/C:N/I:N/A:H,cvssMetricV31,nvd@nist.gov,14,cpe:2.3:a:frrouting:frrouting:8.3:-:*:*:*:*:*:*,"A reachable assertion was found in Frrouting frr-bgpd 8.3.0 in the peek_for_as4_capability function. Attackers can maliciously construct BGP open packets and send them to BGP peers running frr-bgpd, resulting in DoS.",https://nvd.nist.gov/vuln/detail/CVE-2022-36440,easy(suggested),,,,https://github.com/spwpun/pocs,
CVE-2023-38802,frr,2023-08-29,7.5,CVSS:3.1/AV:N/AC:L/PR:N/UI:N/S:U/C:N/I:N/A:H,cvssMetricV31,nvd@nist.gov,14,cpe:2.3:a:frrouting:frrouting:*:*:*:*:*:*:*:*,FRRouting FRR 7.5.1 through 9.0 and Pica8 PICOS 4.3.3.2 allow a remote attacker to cause a denial of service via a crafted BGP update with a corrupted attribute 23 (Tunnel Encapsulation).,https://nvd.nist.gov/vuln/detail/CVE-2023-38802,easy(suggested),,,,https://blog.benjojo.co.uk/post/bgp-path-attributes-grave-error-handling,
CVE-2017-14099,rtp,2017-09-02,7.5,CVSS:3.0/AV:N/AC:L/PR:N/UI:N/S:U/C:H/I:N/A:N,cvssMetricV30,nvd@nist.gov,14,cpe:2.3:a:digium:asterisk:13.0.0:*:*:*:lts:*:*:*,"In res/res_rtp_asterisk.c in Asterisk 11.x before 11.25.2, 13.x before 13.17.1, and 14.x before 14.6.1 and Certified Asterisk 11.x before 11.6-cert17 and 13.x before 13.13-cert5, unauthorized data disclosure (media takeover in the RTP stack) is possi",https://nvd.nist.gov/vuln/detail/CVE-2017-14099,easy(suggested),,,,http://downloads.asterisk.org/pub/security/AST-2017-005.html,
CVE-2015-8725,diameter,2016-01-04,5.5,CVSS:3.0/AV:L/AC:L/PR:N/UI:R/S:U/C:N/I:N/A:H,cvssMetricV30,nvd@nist.gov,14,cpe:2.3:a:wireshark:wireshark:1.12.0:*:*:*:*:*:*:*,"The dissect_diameter_base_framed_ipv6_prefix function in epan/dissectors/packet-diameter.c in the DIAMETER dissector in Wireshark 1.12.x before 1.12.9 and 2.0.x before 2.0.1 does not validate the IPv6 prefix length, which allows remote attackers to c",https://nvd.nist.gov/vuln/detail/CVE-2015-8725,easy(suggested),,,,http://www.debian.org/security/2016/dsa-3505,
CVE-2014-1612,voip,2014-01-30,4.3,AV:N/AC:M/Au:N/C:N/I:P/A:N,cvssMetricV2,nvd@nist.gov,14,cpe:2.3:a:media5:mediatrix_voip_gateway_4402_firmware:dgw_1.1.13.186:*:*:*:*:*:*:*,Cross-site scripting (XSS) vulnerability in login.esp in the Web Management Interface in Media5 Mediatrix 4402 VoIP Gateway with firmware Dgw 1.1.13.186 and earlier allows remote attackers to inject arbitrary web script or HTML via the username param,https://nvd.nist.gov/vuln/detail/CVE-2014-1612,easy(suggested),,,,http://osvdb.org/102415,
CVE-2018-18264,kubernetes,2019-01-03,7.5,CVSS:3.0/AV:N/AC:L/PR:N/UI:N/S:U/C:H/I:N/A:N,cvssMetricV30,nvd@nist.gov,12,cpe:2.3:a:kubernetes:dashboard:*:*:*:*:*:*:*:*,Kubernetes Dashboard before 1.10.1 allows attackers to bypass authentication and use Dashboard's Service Account for reading secrets within the cluster.,https://nvd.nist.gov/vuln/detail/CVE-2018-18264,easy(suggested),,,,http://www.securityfocus.com/bid/106493,
CVE-2019-1002100,kubernetes,2019-04-01,6.5,CVSS:3.1/AV:N/AC:L/PR:L/UI:N/S:U/C:N/I:N/A:H,cvssMetricV31,nvd@nist.gov,12,cpe:2.3:a:kubernetes:kubernetes:*:*:*:*:*:*:*:*,"In all Kubernetes versions prior to v1.11.8, v1.12.6, and v1.13.4, users that are authorized to make patch requests to the Kubernetes API Server can send a specially crafted patch of type ""json-patch"" (e.g. `kubectl patch --type json` or `""Content-Ty",https://nvd.nist.gov/vuln/detail/CVE-2019-1002100,easy(suggested),,,,http://www.securityfocus.com/bid/107290,
CVE-2019-11244,kubernetes,2019-04-22,5.0,CVSS:3.1/AV:L/AC:L/PR:L/UI:R/S:U/C:N/I:H/A:N,cvssMetricV31,nvd@nist.gov,12,cpe:2.3:a:kubernetes:kubernetes:*:*:*:*:*:*:*:*,"In Kubernetes v1.8.x-v1.14.x, schema info is cached by kubectl in the location specified by --cache-dir (defaulting to $HOME/.kube/http-cache), written with world-writeable permissions (rw-rw-rw-). If --cache-dir is specified and pointed at a differe",https://nvd.nist.gov/vuln/detail/CVE-2019-11244,easy(suggested),,,,http://www.securityfocus.com/bid/108064,
CVE-2019-11253,kubernetes,2019-10-17,7.5,CVSS:3.1/AV:N/AC:L/PR:N/UI:N/S:U/C:N/I:N/A:H,cvssMetricV31,jordan@liggitt.net,12,cpe:2.3:a:kubernetes:kubernetes:*:*:*:*:*:*:*:*,"Improper input validation in the Kubernetes API server in versions v1.0-1.12 and versions prior to v1.13.12, v1.14.8, v1.15.5, and v1.16.2 allows authorized users to send malicious YAML or JSON payloads, causing the API server to consume excessive CP",https://nvd.nist.gov/vuln/detail/CVE-2019-11253,easy(suggested),,,,https://access.redhat.com/errata/RHSA-2019:3239,
CVE-2020-15257,containerd,2020-12-01,5.2,CVSS:3.1/AV:L/AC:L/PR:L/UI:N/S:C/C:L/I:L/A:N,cvssMetricV31,security-advisories@github.com,12,cpe:2.3:a:linuxfoundation:containerd:*:*:*:*:*:*:*:*,"containerd is an industry-standard container runtime and is available as a daemon for Linux and Windows. In containerd before versions 1.3.9 and 1.4.3, the containerd-shim API is improperly exposed to host network containers. Access controls for the ",https://nvd.nist.gov/vuln/detail/CVE-2020-15257,easy(suggested),,,,https://github.com/containerd/containerd/commit/4a4bb851f5da563ff6e68a83dc837c7699c469ad,
CVE-2021-43816,containerd,2022-01-05,8.0,CVSS:3.1/AV:N/AC:H/PR:H/UI:N/S:C/C:H/I:H/A:H,cvssMetricV31,security-advisories@github.com,12,cpe:2.3:a:linuxfoundation:containerd:*:*:*:*:*:*:*:*,"containerd is an open source container runtime. On installations using SELinux, such as EL8 (CentOS, RHEL), Fedora, or SUSE MicroOS, with containerd since v1.5.0-beta.0 as the backing container runtime interface (CRI), an unprivileged pod scheduled t",https://nvd.nist.gov/vuln/detail/CVE-2021-43816,easy(suggested),,,,https://github.com/containerd/containerd/commit/a731039238c62be081eb8c31525b988415745eea,
CVE-2023-31490,frr,2023-05-09,7.5,CVSS:3.1/AV:N/AC:L/PR:N/UI:N/S:U/C:N/I:N/A:H,cvssMetricV31,nvd@nist.gov,12,cpe:2.3:a:frrouting:frrouting:8.4.2:*:*:*:*:*:*:*,An issue found in Frrouting bgpd v.8.4.2 allows a remote attacker to cause a denial of service via the bgp_attr_psid_sub() function.,https://nvd.nist.gov/vuln/detail/CVE-2023-31490,easy(suggested),,,,https://github.com/FRRouting/frr/issues/13099,
CVE-2023-41358,frr,2023-08-29,7.5,CVSS:3.1/AV:N/AC:L/PR:N/UI:N/S:U/C:N/I:N/A:H,cvssMetricV31,nvd@nist.gov,12,cpe:2.3:a:frrouting:frrouting:*:*:*:*:*:*:*:*,An issue was discovered in FRRouting FRR through 9.0. bgpd/bgp_packet.c processes NLRIs if the attribute length is zero.,https://nvd.nist.gov/vuln/detail/CVE-2023-41358,easy(suggested),,,,https://github.com/FRRouting/frr/pull/14260,
CVE-2016-7935,rtp,2017-01-28,9.8,CVSS:3.0/AV:N/AC:L/PR:N/UI:N/S:U/C:H/I:H/A:H,cvssMetricV30,nvd@nist.gov,12,cpe:2.3:a:tcpdump:tcpdump:*:*:*:*:*:*:*:*,The RTP parser in tcpdump before 4.9.0 has a buffer overflow in print-udp.c:rtp_print().,https://nvd.nist.gov/vuln/detail/CVE-2016-7935,easy(suggested),,,,http://www.debian.org/security/2017/dsa-3775,
CVE-2022-26126,frr,2022-03-03,7.8,CVSS:3.1/AV:L/AC:L/PR:N/UI:R/S:U/C:H/I:H/A:H,cvssMetricV31,nvd@nist.gov,11,cpe:2.3:a:frrouting:frrouting:*:*:*:*:*:*:*:*,Buffer overflow vulnerabilities exist in FRRouting through 8.1.0 due to the use of strdup with a non-zero-terminated binary string in isis_nb_notifications.c.,https://nvd.nist.gov/vuln/detail/CVE-2022-26126,easy(suggested),,,,https://github.com/FRRouting/frr/issues/10505,
CVE-2015-7528,kubernetes,2016-04-11,5.3,CVSS:3.0/AV:N/AC:L/PR:N/UI:N/S:U/C:L/I:N/A:N,cvssMetricV30,nvd@nist.gov,10,cpe:2.3:a:kubernetes:kubernetes:*:alpha.4:*:*:*:*:*:*,Kubernetes before 1.2.0-alpha.5 allows remote attackers to read arbitrary pod logs via a container name.,https://nvd.nist.gov/vuln/detail/CVE-2015-7528,easy(suggested),,,,http://rhn.redhat.com/errata/RHSA-2015-2615.html,
CVE-2019-9946,kubernetes,2019-04-02,7.5,CVSS:3.0/AV:N/AC:L/PR:N/UI:N/S:U/C:N/I:H/A:N,cvssMetricV30,nvd@nist.gov,10,cpe:2.3:a:cncf:portmap:*:*:*:*:*:container_networking_interface:*:*,"Cloud Native Computing Foundation (CNCF) CNI (Container Networking Interface) 0.7.4 has a network firewall misconfiguration which affects Kubernetes. The CNI 'portmap' plugin, used to setup HostPorts for CNI, inserts rules at the front of the iptable",https://nvd.nist.gov/vuln/detail/CVE-2019-9946,easy(suggested),,,,https://access.redhat.com/errata/RHBA-2019:0862,
CVE-2019-11250,kubernetes,2019-08-29,6.5,CVSS:3.1/AV:N/AC:L/PR:L/UI:N/S:U/C:H/I:N/A:N,cvssMetricV31,nvd@nist.gov,10,cpe:2.3:a:kubernetes:kubernetes:*:*:*:*:*:*:*:*,"The Kubernetes client-go library logs request headers at verbosity levels of 7 or higher. This can disclose credentials to unauthorized users via logs or command output. Kubernetes components (such as kube-apiserver) prior to v1.16.0, which make use ",https://nvd.nist.gov/vuln/detail/CVE-2019-11250,easy(suggested),,,,http://www.openwall.com/lists/oss-security/2020/10/16/2,
CVE-2020-15157,containerd,2020-10-16,6.1,CVSS:3.1/AV:N/AC:H/PR:N/UI:R/S:C/C:H/I:N/A:N,cvssMetricV31,security-advisories@github.com,10,cpe:2.3:a:linuxfoundation:containerd:*:*:*:*:*:*:*:*,In containerd (an industry-standard container runtime) before version 1.2.14 there is a credential leaking vulnerability. If a container image manifest in the OCI Image format or Docker Image V2 Schema 2 format includes a URL for the location of a sp,https://nvd.nist.gov/vuln/detail/CVE-2020-15157,easy(suggested),,,,https://github.com/containerd/containerd/releases/tag/v1.2.14,
CVE-2021-32760,containerd,2021-07-19,5.0,CVSS:3.1/AV:N/AC:H/PR:N/UI:R/S:U/C:L/I:L/A:L,cvssMetricV31,security-advisories@github.com,10,cpe:2.3:a:linuxfoundation:containerd:*:*:*:*:*:*:*:*,containerd is a container runtime. A bug was found in containerd versions prior to 1.4.8 and 1.5.4 where pulling and extracting a specially-crafted container image can result in Unix file permission changes for existing files in the host’s filesystem,https://nvd.nist.gov/vuln/detail/CVE-2021-32760,easy(suggested),,,,https://github.com/containerd/containerd/releases/tag/v1.4.8,
CVE-2017-15865,frr,2017-11-08,7.5,CVSS:3.0/AV:N/AC:L/PR:N/UI:N/S:U/C:H/I:N/A:N,cvssMetricV30,nvd@nist.gov,10,cpe:2.3:a:frrouting:frrouting:*:*:*:*:*:*:*:*,"bgpd in FRRouting (FRR) before 2.0.2 and 3.x before 3.0.2, as used in Cumulus Linux before 3.4.3 and other products, allows remote attackers to obtain sensitive information via a malformed BGP UPDATE packet from a connected peer, which triggers trans",https://nvd.nist.gov/vuln/detail/CVE-2017-15865,easy(suggested),,,,http://www.securityfocus.com/bid/101794,
CVE-2022-37032,frr,2022-09-19,9.1,CVSS:3.1/AV:N/AC:L/PR:N/UI:N/S:U/C:H/I:N/A:H,cvssMetricV31,nvd@nist.gov,10,cpe:2.3:a:frrouting:frrouting:*:*:*:*:*:*:*:*,An out-of-bounds read in the BGP daemon of FRRouting FRR before 8.4 may lead to a segmentation fault and denial of service. This occurs in bgp_capability_msg_parse in bgpd/bgp_packet.c.,https://nvd.nist.gov/vuln/detail/CVE-2022-37032,easy(suggested),,,,https://bugzilla.suse.com/show_bug.cgi?id=1202023,
CVE-2023-41360,frr,2023-08-29,9.1,CVSS:3.1/AV:N/AC:L/PR:N/UI:N/S:U/C:H/I:N/A:H,cvssMetricV31,nvd@nist.gov,10,cpe:2.3:a:frrouting:frrouting:*:*:*:*:*:*:*:*,An issue was discovered in FRRouting FRR through 9.0. bgpd/bgp_packet.c can read the initial byte of the ORF header in an ahead-of-stream situation.,https://nvd.nist.gov/vuln/detail/CVE-2023-41360,easy(suggested),,,,https://github.com/FRRouting/frr/pull/14245,
CVE-2023-41909,frr,2023-09-05,7.5,CVSS:3.1/AV:N/AC:L/PR:N/UI:N/S:U/C:N/I:N/A:H,cvssMetricV31,nvd@nist.gov,10,cpe:2.3:a:frrouting:frrouting:*:*:*:*:*:*:*:*,"An issue was discovered in FRRouting FRR through 9.0. bgp_nlri_parse_flowspec in bgpd/bgp_flowspec.c processes malformed requests with no attributes, leading to a NULL pointer dereference.",https://nvd.nist.gov/vuln/detail/CVE-2023-41909,easy(suggested),,,,https://github.com/FRRouting/frr/pull/13222/commits/cfd04dcb3e689754a72507d086ba3b9709fc5ed8,
CVE-2021-37624,freeswitch,2021-10-25,7.5,CVSS:3.1/AV:N/AC:L/PR:N/UI:N/S:U/C:N/I:H/A:N,cvssMetricV31,security-advisories@github.com,10,cpe:2.3:a:freeswitch:freeswitch:*:*:*:*:*:*:*:*,"FreeSWITCH is a Software Defined Telecom Stack enabling the digital transformation from proprietary telecom switches to a software implementation that runs on any commodity hardware. Prior to version 1.10.7, FreeSWITCH does not authenticate SIP MESSA",https://nvd.nist.gov/vuln/detail/CVE-2021-37624,easy(suggested),,,,http://packetstormsecurity.com/files/164628/FreeSWITCH-1.10.6-Missing-SIP-MESSAGE-Authentication.html,
CVE-2022-31002,freeswitch,2022-05-31,7.5,CVSS:3.1/AV:N/AC:L/PR:N/UI:N/S:U/C:N/I:N/A:H,cvssMetricV31,security-advisories@github.com,10,cpe:2.3:a:signalwire:sofia-sip:*:*:*:*:*:*:*:*,"Sofia-SIP is an open-source Session Initiation Protocol (SIP) User-Agent library. Prior to version 1.13.8, an attacker can send a message with evil sdp to FreeSWITCH, which may cause a crash. This type of crash may be caused by a URL ending with `%`.",https://nvd.nist.gov/vuln/detail/CVE-2022-31002,easy(suggested),,,,https://github.com/freeswitch/sofia-sip/commit/51841eb53679434a386fb2dcbca925dcc48d58ba,
CVE-2022-31001,freeswitch,2022-05-31,7.5,CVSS:3.1/AV:N/AC:L/PR:N/UI:N/S:U/C:N/I:N/A:H,cvssMetricV31,security-advisories@github.com,10,cpe:2.3:a:signalwire:sofia-sip:*:*:*:*:*:*:*:*,"Sofia-SIP is an open-source Session Initiation Protocol (SIP) User-Agent library. Prior to version 1.13.8, an attacker can send a message with evil sdp to FreeSWITCH, which may cause crash. This type of crash may be caused by `#define MATCH(s, m) (st",https://nvd.nist.gov/vuln/detail/CVE-2022-31001,easy(suggested),,,,https://github.com/freeswitch/sofia-sip/commit/a99804b336d0e16d26ab7119d56184d2d7110a36,
CVE-2022-31003,freeswitch,2022-05-31,9.1,CVSS:3.1/AV:N/AC:L/PR:N/UI:N/S:U/C:N/I:H/A:H,cvssMetricV31,security-advisories@github.com,10,cpe:2.3:a:signalwire:sofia-sip:*:*:*:*:*:*:*:*,"Sofia-SIP is an open-source Session Initiation Protocol (SIP) User-Agent library. Prior to version 1.13.8, when parsing each line of a sdp message, `rest = record + 2` will access the memory behind `\0` and cause an out-of-bounds write. An attacker c",https://nvd.nist.gov/vuln/detail/CVE-2022-31003,easy(suggested),,,,https://github.com/freeswitch/sofia-sip/commit/907f2ac0ee504c93ebfefd676b4632a3575908c9,
CVE-2018-16852,bind9,2018-11-28,6.5,CVSS:3.0/AV:N/AC:L/PR:L/UI:N/S:U/C:N/I:N/A:H,cvssMetricV30,secalert@redhat.com,10,cpe:2.3:a:samba:samba:*:*:*:*:*:*:*:*,"Samba from version 4.9.0 and before version 4.9.3 is vulnerable to a NULL pointer de-reference. During the processing of an DNS zone in the DNS management DCE/RPC server, the internal DNS server or the Samba DLZ plugin for BIND9, if the DSPROPERTY_ZO",https://nvd.nist.gov/vuln/detail/CVE-2018-16852,easy(suggested),,,,http://www.securityfocus.com/bid/106024,
CVE-2018-5738,bind9,2019-01-16,5.3,CVSS:3.0/AV:N/AC:L/PR:N/UI:N/S:U/C:L/I:N/A:N,cvssMetricV30,security-officer@isc.org,10,cpe:2.3:a:isc:bind:9.9.12:*:*:*:*:*:*:*,"Change #4777 (introduced in October 2017) introduced an unforeseen issue in releases which were issued after that date, affecting which clients are permitted to make recursive queries to a BIND nameserver. The intended (and documented) behavior is th",https://nvd.nist.gov/vuln/detail/CVE-2018-5738,easy(suggested),,,,http://www.securitytracker.com/id/1041115,
CVE-2019-19627,rtp,2019-12-06,5.3,CVSS:3.1/AV:N/AC:L/PR:N/UI:N/S:U/C:L/I:N/A:N,cvssMetricV31,nvd@nist.gov,10,cpe:2.3:a:ros:sros2:0.8.1:*:*:*:*:*:*:*,SROS 2 0.8.1 (after CVE-2019-19625 is mitigated) leaks ROS 2 node-related information regardless of the rtps_protection_kind configuration. (SROS2 provides the tools to generate and distribute keys for Robot Operating System 2 and uses the underlying,https://nvd.nist.gov/vuln/detail/CVE-2019-19627,easy(suggested),,,,https://asciinema.org/a/yuGkBlaPC33wqL4qABRlgxBkd,
CVE-2015-5367,lte,2015-08-27,6.9,AV:L/AC:M/Au:N/C:C/I:C/A:C,cvssMetricV2,nvd@nist.gov,10,cpe:2.3:a:hp:hspa\+_gobi_4g:12.500.00.15.1802:*:*:*:*:*:*:*,"The HP lt4112 LTE/HSPA+ Gobi 4G module with firmware before 12.500.00.15.1803 on EliteBook, ElitePad, Elite, ProBook, Spectre, ZBook, and mt41 Thin Client devices allows local users to gain privileges via unspecified vectors.",https://nvd.nist.gov/vuln/detail/CVE-2015-5367,easy(suggested),,,,http://www.securityfocus.com/bid/76171,
CVE-2015-5368,lte,2015-08-27,7.8,AV:N/AC:M/Au:N/C:N/I:P/A:C,cvssMetricV2,nvd@nist.gov,10,cpe:2.3:a:hp:hspa\+_gobi_4g:12.500.00.15.1802:*:*:*:*:*:*:*,"The HP lt4112 LTE/HSPA+ Gobi 4G module with firmware before 12.500.00.15.1803 on EliteBook, ElitePad, Elite, ProBook, Spectre, ZBook, and mt41 Thin Client devices allows remote attackers to modify data or cause a denial of service, or execute arbitra",https://nvd.nist.gov/vuln/detail/CVE-2015-5368,easy(suggested),,,,http://www.securityfocus.com/bid/76176,
CVE-2023-38407,frr,2023-11-06,7.5,CVSS:3.1/AV:N/AC:L/PR:N/UI:N/S:U/C:N/I:N/A:H,cvssMetricV31,nvd@nist.gov,9,cpe:2.3:a:frrouting:frrouting:*:*:*:*:*:*:*:*,bgpd/bgp_label.c in FRRouting (FRR) before 8.5 attempts to read beyond the end of the stream during labeled unicast parsing.,https://nvd.nist.gov/vuln/detail/CVE-2023-38407,easy(suggested),,,,https://github.com/FRRouting/frr/compare/frr-8.5-rc...frr-8.5,
CVE-2014-3556,nginx,2014-12-29,6.8,AV:N/AC:M/Au:N/C:P/I:P/A:P,cvssMetricV2,nvd@nist.gov,8,cpe:2.3:a:f5:nginx:*:*:*:*:*:*:*:*,"The STARTTLS implementation in mail/ngx_mail_smtp_handler.c in the SMTP proxy in nginx 1.5.x and 1.6.x before 1.6.1 and 1.7.x before 1.7.4 does not properly restrict I/O buffering, which allows man-in-the-middle attackers to insert commands into encr",https://nvd.nist.gov/vuln/detail/CVE-2014-3556,easy(suggested),,,,http://mailman.nginx.org/pipermail/nginx-announce/2014/000144.html,
CVE-2017-8301,nginx,2017-04-27,5.3,CVSS:3.0/AV:N/AC:H/PR:N/UI:R/S:U/C:N/I:H/A:N,cvssMetricV30,nvd@nist.gov,8,cpe:2.3:a:openbsd:libressl:2.5.1:*:*:*:*:*:*:*,"LibreSSL 2.5.1 to 2.5.3 lacks TLS certificate verification if SSL_get_verify_result is relied upon for a later check of a verification result, in a use case where a user-provided verification callback returns 1, as demonstrated by acceptance of inval",https://nvd.nist.gov/vuln/detail/CVE-2017-8301,easy(suggested),,,,http://seclists.org/oss-sec/2017/q2/145,
CVE-2018-12029,nginx,2018-06-17,7.0,CVSS:3.0/AV:L/AC:H/PR:L/UI:N/S:U/C:H/I:H/A:H,cvssMetricV30,nvd@nist.gov,8,cpe:2.3:a:phusion:passenger:*:*:*:*:*:*:*:*,A race condition in the nginx module in Phusion Passenger 3.x through 5.x before 5.3.2 allows local escalation of privileges when a non-standard passenger_instance_registry_dir with insufficiently strict permissions is configured. Replacing a file wi,https://nvd.nist.gov/vuln/detail/CVE-2018-12029,easy(suggested),,,,https://blog.phusion.nl/passenger-5-3-2,
CVE-2019-7401,nginx,2019-02-08,9.8,CVSS:3.0/AV:N/AC:L/PR:N/UI:N/S:U/C:H/I:H/A:H,cvssMetricV30,nvd@nist.gov,8,cpe:2.3:a:f5:nginx_unit:*:*:*:*:*:*:*:*,NGINX Unit before 1.7.1 might allow an attacker to cause a heap-based buffer overflow in the router process with a specially crafted request. This may result in a denial of service (router process crash) or possibly have unspecified other impact.,https://nvd.nist.gov/vuln/detail/CVE-2019-7401,easy(suggested),,,,http://hg.nginx.org/unit/file/tip/CHANGES,
CVE-2017-1002101,kubernetes,2018-03-13,8.8,CVSS:3.0/AV:N/AC:L/PR:L/UI:N/S:U/C:H/I:H/A:H,cvssMetricV30,jordan@liggitt.net,8,cpe:2.3:a:kubernetes:kubernetes:*:*:*:*:*:*:*:*,"In Kubernetes versions 1.3.x, 1.4.x, 1.5.x, 1.6.x and prior to versions 1.7.14, 1.8.9 and 1.9.4 containers using subpath volume mounts with any volume type (including non-privileged pods, subject to file permissions) can access files/directories outs",https://nvd.nist.gov/vuln/detail/CVE-2017-1002101,easy(suggested),,,,http://lists.opensuse.org/opensuse-security-announce/2020-04/msg00041.html,
CVE-2018-2475,kubernetes,2018-10-09,8.5,CVSS:3.0/AV:N/AC:H/PR:L/UI:N/S:C/C:H/I:H/A:H,cvssMetricV30,nvd@nist.gov,8,cpe:2.3:a:gardener:gardener:*:*:*:*:*:*:*:*,"Following the Gardener architecture, the Kubernetes apiserver of a Gardener managed shoot cluster resides in the corresponding seed cluster. Due to missing network isolation a shoot's apiserver can access services/endpoints in the private network of ",https://nvd.nist.gov/vuln/detail/CVE-2018-2475,easy(suggested),,,,http://www.securityfocus.com/bid/105579,
CVE-2023-25153,containerd,2023-02-16,6.2,CVSS:3.1/AV:L/AC:L/PR:N/UI:N/S:U/C:N/I:N/A:H,cvssMetricV31,security-advisories@github.com,8,cpe:2.3:a:linuxfoundation:containerd:*:*:*:*:*:*:*:*,"containerd is an open source container runtime. Before versions 1.6.18 and 1.5.18, when importing an OCI image, there was no limit on the number of bytes read for certain files. A maliciously crafted image with a large file where a limit was not appl",https://nvd.nist.gov/vuln/detail/CVE-2023-25153,easy(suggested),,,,https://github.com/containerd/containerd/commit/0c314901076a74a7b797a545d2f462285fdbb8c4,
CVE-2023-31489,frr,2023-05-09,5.5,CVSS:3.1/AV:L/AC:L/PR:N/UI:R/S:U/C:N/I:N/A:H,cvssMetricV31,nvd@nist.gov,8,cpe:2.3:a:frrouting:frrouting:8.4.2:*:*:*:*:*:*:*,An issue found in Frrouting bgpd v.8.4.2 allows a remote attacker to cause a denial of service via the bgp_capability_llgr() function.,https://nvd.nist.gov/vuln/detail/CVE-2023-31489,easy(suggested),,,,https://github.com/FRRouting/frr/issues/13098,
CVE-2023-41359,frr,2023-08-29,9.1,CVSS:3.1/AV:N/AC:L/PR:N/UI:N/S:U/C:H/I:N/A:H,cvssMetricV31,nvd@nist.gov,8,cpe:2.3:a:frrouting:frrouting:*:*:*:*:*:*:*:*,An issue was discovered in FRRouting FRR through 9.0. There is an out-of-bounds read in bgp_attr_aigp_valid in bgpd/bgp_attr.c because there is no check for the availability of two bytes during AIGP validation.,https://nvd.nist.gov/vuln/detail/CVE-2023-41359,easy(suggested),,,,https://github.com/FRRouting/frr/pull/14232,
CVE-2021-41157,freeswitch,2021-10-26,5.3,CVSS:3.1/AV:N/AC:L/PR:N/UI:N/S:U/C:L/I:N/A:N,cvssMetricV31,security-advisories@github.com,8,cpe:2.3:a:freeswitch:freeswitch:*:*:*:*:*:*:*:*,"FreeSWITCH is a Software Defined Telecom Stack enabling the digital transformation from proprietary telecom switches to a software implementation that runs on any commodity hardware. By default, SIP requests of the type SUBSCRIBE are not authenticate",https://nvd.nist.gov/vuln/detail/CVE-2021-41157,easy(suggested),,,,http://seclists.org/fulldisclosure/2021/Oct/41,
CVE-2023-51443,freeswitch,2023-12-27,7.5,CVSS:3.1/AV:N/AC:L/PR:N/UI:N/S:U/C:N/I:N/A:H,cvssMetricV31,security-advisories@github.com,8,cpe:2.3:a:freeswitch:freeswitch:*:*:*:*:*:*:*:*,"FreeSWITCH is a Software Defined Telecom Stack enabling the digital transformation from proprietary telecom switches to a software implementation that runs on any commodity hardware. Prior to version 1.10.11, when handling DTLS-SRTP for media setup, ",https://nvd.nist.gov/vuln/detail/CVE-2023-51443,easy(suggested),,,,http://packetstormsecurity.com/files/176393/FreeSWITCH-Denial-Of-Service.html,
CVE-2014-2907,rtp,2014-04-24,4.3,AV:N/AC:M/Au:N/C:N/I:N/A:P,cvssMetricV2,nvd@nist.gov,8,cpe:2.3:a:wireshark:wireshark:1.10.0:*:*:*:*:*:*:*,"The srtp_add_address function in epan/dissectors/packet-rtp.c in the RTP dissector in Wireshark 1.10.x before 1.10.7 does not properly update SRTP conversation data, which allows remote attackers to cause a denial of service (application crash) via a",https://nvd.nist.gov/vuln/detail/CVE-2014-2907,easy(suggested),,,,http://lists.opensuse.org/opensuse-updates/2014-05/msg00022.html,
CVE-2015-1558,rtp,2015-02-09,3.5,AV:N/AC:M/Au:S/C:N/I:N/A:P,cvssMetricV2,nvd@nist.gov,8,cpe:2.3:a:digium:asterisk:12.0.0:*:*:*:*:*:*:*,"Asterisk Open Source 12.x before 12.8.1 and 13.x before 13.1.1, when using the PJSIP channel driver, does not properly reclaim RTP ports, which allows remote authenticated users to cause a denial of service (file descriptor consumption) via an SDP of",https://nvd.nist.gov/vuln/detail/CVE-2015-1558,easy(suggested),,,,http://downloads.asterisk.org/pub/security/AST-2015-001.html,
CVE-2014-3953,sctp,2014-07-15,4.9,AV:L/AC:L/Au:N/C:C/I:N/A:N,cvssMetricV2,nvd@nist.gov,8,cpe:2.3:o:freebsd:freebsd:8.4:*:*:*:*:*:*:*,"FreeBSD 8.4 before p14, 9.1 before p17, 9.2 before p10, and 10.0 before p7 does not properly initialize certain data structures, which allows local users to obtain sensitive information from kernel memory via a (1) SCTP_SNDRCV, (2) SCTP_EXTRCV, or (3",https://nvd.nist.gov/vuln/detail/CVE-2014-3953,easy(suggested),,,,http://secunia.com/advisories/62218,
CVE-2014-7252,lte,2014-12-05,4.6,AV:L/AC:L/Au:N/C:P/I:P/A:P,cvssMetricV2,nvd@nist.gov,8,cpe:2.3:o:disney_interactive:disney_mobile:-:*:*:*:*:*:*:*,"Multiple unspecified vulnerabilities in the Syslink driver for Texas Instruments OMAP mobile processor, as used on NTT DOCOMO ARROWS Tab LTE F-01D, ARROWS X LTE F-05D, Disney Mobile on docomo F-08D, REGZA Phone T-01D, and PRADA phone by LG L-02D; and",https://nvd.nist.gov/vuln/detail/CVE-2014-7252,easy(suggested),,,,http://jvn.jp/en/jp/JVN67792023/397327/index.html,
CVE-2020-8561,kube-apiserver,2021-09-20,4.1,CVSS:3.1/AV:N/AC:L/PR:H/UI:N/S:C/C:L/I:N/A:N,cvssMetricV31,jordan@liggitt.net,7,cpe:2.3:a:kubernetes:kubernetes:1.20.11:-:*:*:*:*:*:*,A security issue was discovered in Kubernetes where actors that control the responses of MutatingWebhookConfiguration or ValidatingWebhookConfiguration requests are able to redirect kube-apiserver requests to private networks of the apiserver. If tha,https://nvd.nist.gov/vuln/detail/CVE-2020-8561,easy(suggested),,,,https://github.com/kubernetes/kubernetes/issues/104720,
CVE-2022-37035,frr,2022-08-02,8.1,CVSS:3.1/AV:N/AC:H/PR:N/UI:N/S:U/C:H/I:H/A:H,cvssMetricV31,nvd@nist.gov,7,cpe:2.3:a:frrouting:frrouting:8.3:-:*:*:*:*:*:*,"An issue was discovered in bgpd in FRRouting (FRR) 8.3. In bgp_notify_send_with_data() and bgp_process_packet() in bgp_packet.c, there is a possible use-after-free due to a race condition. This could lead to Remote Code Execution or Information Discl",https://nvd.nist.gov/vuln/detail/CVE-2022-37035,easy(suggested),,,,https://docs.google.com/document/d/1TqYEcZbFeDTMKe2N4XRFwyAjw_mynIHfvzwbx1fmJj8/edit?usp=sharing,
CVE-2023-38406,frr,2023-11-06,9.8,CVSS:3.1/AV:N/AC:L/PR:N/UI:N/S:U/C:H/I:H/A:H,cvssMetricV31,nvd@nist.gov,7,cpe:2.3:a:frrouting:frrouting:*:*:*:*:*:*:*:*,"bgpd/bgp_flowspec.c in FRRouting (FRR) before 8.4.3 mishandles an nlri length of zero, aka a ""flowspec overflow.""",https://nvd.nist.gov/vuln/detail/CVE-2023-38406,easy(suggested),,,,https://github.com/FRRouting/frr/compare/frr-8.4.2...frr-8.4.3,
CVE-2024-31948,frr,2024-04-07,6.5,CVSS:3.1/AV:N/AC:L/PR:L/UI:N/S:U/C:N/I:N/A:H,cvssMetricV31,134c704f-9b21-4f2e-91b3-4a467353bcc0,7,cpe:2.3:a:frrouting:frrouting:*:*:*:*:*:*:*:*,"In FRRouting (FRR) through 9.1, an attacker using a malformed Prefix SID attribute in a BGP UPDATE packet can cause the bgpd daemon to crash.",https://nvd.nist.gov/vuln/detail/CVE-2024-31948,medium(suggested),,,,https://github.com/FRRouting/frr/pull/15628,
CVE-2024-31949,frr,2024-04-07,6.5,CVSS:3.1/AV:N/AC:L/PR:N/UI:R/S:U/C:N/I:N/A:H,cvssMetricV31,134c704f-9b21-4f2e-91b3-4a467353bcc0,7,cpe:2.3:a:frrouting:frrouting:*:*:*:*:*:*:*:*,"In FRRouting (FRR) through 9.1, an infinite loop can occur when receiving a MP/GR capability as a dynamic capability because malformed data results in a pointer not advancing.",https://nvd.nist.gov/vuln/detail/CVE-2024-31949,medium(suggested),,,,https://github.com/FRRouting/frr/pull/15640,
CVE-2014-0133,nginx,2014-03-28,7.5,AV:N/AC:L/Au:N/C:P/I:P/A:P,cvssMetricV2,nvd@nist.gov,6,cpe:2.3:a:f5:nginx:*:*:*:*:*:*:*:*,Heap-based buffer overflow in the SPDY implementation in nginx 1.3.15 before 1.4.7 and 1.5.x before 1.5.12 allows remote attackers to execute arbitrary code via a crafted request.,https://nvd.nist.gov/vuln/detail/CVE-2014-0133,medium(suggested),,,,http://lists.opensuse.org/opensuse-updates/2014-03/msg00095.html,
CVE-2016-5392,kubernetes,2016-08-05,6.5,CVSS:3.0/AV:N/AC:L/PR:L/UI:N/S:U/C:H/I:N/A:N,cvssMetricV30,nvd@nist.gov,6,cpe:2.3:a:redhat:openshift:3.2:*:*:*:enterprise:*:*:*,"The API server in Kubernetes, as used in Red Hat OpenShift Enterprise 3.2, in a multi tenant environment allows remote authenticated users with knowledge of other project names to obtain sensitive project and user information via vectors related to t",https://nvd.nist.gov/vuln/detail/CVE-2016-5392,medium(suggested),,,,http://www.securityfocus.com/bid/91793,
CVE-2018-1002100,kubernetes,2018-06-02,4.2,CVSS:3.0/AV:N/AC:H/PR:H/UI:R/S:U/C:N/I:H/A:N,cvssMetricV30,jordan@liggitt.net,6,cpe:2.3:a:kubernetes:kubernetes:*:*:*:*:*:*:*:*,"In Kubernetes versions 1.5.x, 1.6.x, 1.7.x, 1.8.x, and prior to version 1.9.6, the kubectl cp command insecurely handles tar data returned from the container, and can be caused to overwrite arbitrary local files.",https://nvd.nist.gov/vuln/detail/CVE-2018-1002100,medium(suggested),,,,https://bugzilla.redhat.com/show_bug.cgi?id=1564305,
CVE-2016-7075,kubernetes,2018-09-10,7.5,CVSS:3.0/AV:N/AC:L/PR:N/UI:N/S:U/C:N/I:H/A:N,cvssMetricV30,secalert@redhat.com,6,cpe:2.3:a:kubernetes:kubernetes:-:*:*:*:*:*:*:*,It was found that Kubernetes as used by Openshift Enterprise 3 did not correctly validate X.509 client intermediate certificate host name fields. An attacker could use this flaw to bypass authentication requirements by using a specially crafted X.509,https://nvd.nist.gov/vuln/detail/CVE-2016-7075,medium(suggested),,,,https://access.redhat.com/errata/RHSA-2016:2064,
CVE-2018-1002101,kubernetes,2018-12-05,5.9,CVSS:3.0/AV:N/AC:H/PR:H/UI:N/S:U/C:H/I:H/A:N,cvssMetricV30,jordan@liggitt.net,6,cpe:2.3:a:kubernetes:kubernetes:*:*:*:*:*:*:*:*,"In Kubernetes versions 1.9.0-1.9.9, 1.10.0-1.10.5, and 1.11.0-1.11.1, user input was handled insecurely while setting up volume mounts on Windows nodes, which could lead to command line argument injection.",https://nvd.nist.gov/vuln/detail/CVE-2018-1002101,medium(suggested),,,,http://www.securityfocus.com/bid/106238,
CVE-2019-11243,kubernetes,2019-04-22,8.1,CVSS:3.1/AV:N/AC:H/PR:N/UI:N/S:U/C:H/I:H/A:H,cvssMetricV31,nvd@nist.gov,6,cpe:2.3:a:kubernetes:kubernetes:*:*:*:*:*:*:*:*,"In Kubernetes v1.12.0-v1.12.4 and v1.13.0, the rest.AnonymousClientConfig() method returns a copy of the provided config, with credentials removed (bearer token, username/password, and client certificate/key data). In the affected versions, rest.Anon",https://nvd.nist.gov/vuln/detail/CVE-2019-11243,medium(suggested),,,,http://www.securityfocus.com/bid/108053,
CVE-2019-10338,kubernetes,2019-06-11,8.8,CVSS:3.0/AV:N/AC:L/PR:N/UI:R/S:U/C:H/I:H/A:H,cvssMetricV30,nvd@nist.gov,6,cpe:2.3:a:jenkins:jx_resources:*:*:*:*:*:jenkins:*:*,"A cross-site request forgery vulnerability in Jenkins JX Resources Plugin 1.0.36 and earlier in GlobalPluginConfiguration#doValidateClient allowed attackers to have Jenkins connect to an attacker-specified Kubernetes server, potentially leaking crede",https://nvd.nist.gov/vuln/detail/CVE-2019-10338,medium(suggested),,,,http://www.openwall.com/lists/oss-security/2019/06/11/1,
CVE-2019-10339,kubernetes,2019-06-11,8.8,CVSS:3.1/AV:N/AC:L/PR:L/UI:N/S:U/C:H/I:H/A:H,cvssMetricV31,nvd@nist.gov,6,cpe:2.3:a:jenkins:jx_resources:*:*:*:*:*:jenkins:*:*,"A missing permission check in Jenkins JX Resources Plugin 1.0.36 and earlier in GlobalPluginConfiguration#doValidateClient allowed users with Overall/Read access to have Jenkins connect to an attacker-specified Kubernetes server, potentially leaking ",https://nvd.nist.gov/vuln/detail/CVE-2019-10339,medium(suggested),,,,http://www.openwall.com/lists/oss-security/2019/06/11/1,
CVE-2019-10165,kubernetes,2019-07-30,2.3,CVSS:3.1/AV:L/AC:L/PR:H/UI:N/S:U/C:L/I:N/A:N,cvssMetricV31,nvd@nist.gov,6,cpe:2.3:a:redhat:openshift_container_platform:*:*:*:*:*:*:*:*,OpenShift Container Platform before version 4.1.3 writes OAuth tokens in plaintext to the audit logs for the Kubernetes API server and OpenShift API server. A user with sufficient privileges could recover OAuth tokens from these audit logs and use th,https://nvd.nist.gov/vuln/detail/CVE-2019-10165,medium(suggested),,,,https://bugzilla.redhat.com/show_bug.cgi?id=CVE-2019-10165,
CVE-2019-11246,kubernetes,2019-08-29,6.5,CVSS:3.1/AV:N/AC:L/PR:N/UI:R/S:U/C:N/I:H/A:N,cvssMetricV31,nvd@nist.gov,6,cpe:2.3:a:kubernetes:kubernetes:*:*:*:*:*:*:*:*,"The kubectl cp command allows copying files between containers and the user machine. To copy files from a container, Kubernetes runs tar inside the container to create a tar archive, copies it over the network, and kubectl unpacks it on the user’s ma",https://nvd.nist.gov/vuln/detail/CVE-2019-11246,medium(suggested),,,,https://github.com/kubernetes/kubernetes/pull/76788,
CVE-2019-11254,kube-apiserver,2020-04-01,6.5,CVSS:3.1/AV:N/AC:L/PR:L/UI:N/S:U/C:N/I:N/A:H,cvssMetricV31,jordan@liggitt.net,6,cpe:2.3:a:kubernetes:kubernetes:*:*:*:*:*:*:*:*,"The Kubernetes API Server component in versions 1.1-1.14, and versions prior to 1.15.10, 1.16.7 and 1.17.3 allows an authorized user who sends malicious YAML payloads to cause the kube-apiserver to consume excessive CPU cycles while parsing YAML.",https://nvd.nist.gov/vuln/detail/CVE-2019-11254,medium(suggested),,,,https://github.com/kubernetes/kubernetes/issues/89535,
CVE-2020-8559,kube-apiserver,2020-07-22,6.4,CVSS:3.1/AV:N/AC:H/PR:H/UI:R/S:U/C:H/I:H/A:H,cvssMetricV31,jordan@liggitt.net,6,cpe:2.3:a:kubernetes:kubernetes:*:*:*:*:*:*:*:*,"The Kubernetes kube-apiserver in versions v1.6-v1.15, and versions prior to v1.16.13, v1.17.9 and v1.18.6 are vulnerable to an unvalidated redirect on proxied upgrade requests that could allow an attacker to escalate privileges from a node compromise",https://nvd.nist.gov/vuln/detail/CVE-2020-8559,medium(suggested),,,,https://github.com/kubernetes/kubernetes/issues/92914,
CVE-2022-3294,kube-apiserver,2023-03-01,6.6,CVSS:3.1/AV:N/AC:H/PR:H/UI:N/S:U/C:H/I:H/A:H,cvssMetricV31,jordan@liggitt.net,6,cpe:2.3:a:kubernetes:kubernetes:*:*:*:*:*:*:*:*,"Users may have access to secure endpoints in the control plane network. Kubernetes clusters are only affected if an untrusted user can modify Node objects and send proxy requests to them. Kubernetes supports node proxying, which allows clients of kub",https://nvd.nist.gov/vuln/detail/CVE-2022-3294,medium(suggested),,,,https://github.com/kubernetes/kubernetes/issues/113757,
CVE-2022-3172,kube-apiserver,2023-11-03,5.1,CVSS:3.1/AV:N/AC:H/PR:H/UI:R/S:C/C:L/I:L/A:L,cvssMetricV31,jordan@liggitt.net,6,cpe:2.3:a:kubernetes:apiserver:*:*:*:*:*:*:*:*,"A security issue was discovered in kube-apiserver that allows an 
aggregated API server to redirect client traffic to any URL.  This could
 lead to the client performing unexpected actions as well as forwarding 
the client's API server credentials to",https://nvd.nist.gov/vuln/detail/CVE-2022-3172,medium(suggested),,,,https://github.com/kubernetes/kubernetes/issues/112513,
CVE-2022-23471,containerd,2022-12-07,5.7,CVSS:3.1/AV:N/AC:L/PR:L/UI:R/S:U/C:N/I:N/A:H,cvssMetricV31,security-advisories@github.com,6,cpe:2.3:a:linuxfoundation:containerd:*:*:*:*:*:*:*:*,"containerd is an open source container runtime. A bug was found in containerd's CRI implementation where a user can exhaust memory on the host. In the CRI stream server, a goroutine is launched to handle terminal resize events if a TTY is requested. ",https://nvd.nist.gov/vuln/detail/CVE-2022-23471,medium(suggested),,,,https://github.com/containerd/containerd/commit/a05d175400b1145e5e6a735a6710579d181e7fb0,
CVE-2023-32684,containerd,2023-05-30,2.7,CVSS:3.1/AV:L/AC:H/PR:N/UI:R/S:C/C:L/I:N/A:N,cvssMetricV31,security-advisories@github.com,6,cpe:2.3:a:linuxfoundation:lima:*:*:*:*:*:*:*:*,"Lima launches Linux virtual machines, typically on macOS, for running containerd. Prior to version 0.16.0, a virtual machine instance with a malicious disk image could read a single file on the host filesystem, even when no filesystem is mounted from",https://nvd.nist.gov/vuln/detail/CVE-2023-32684,medium(suggested),,,,https://github.com/lima-vm/lima/commit/01dbd4d9cabe692afa4517be3995771f0ebb38a5,
CVE-2022-40302,frr,2023-05-03,6.5,CVSS:3.1/AV:N/AC:L/PR:L/UI:N/S:U/C:N/I:N/A:H,cvssMetricV31,nvd@nist.gov,6,cpe:2.3:a:frrouting:frrouting:*:*:*:*:*:*:*:*,"An issue was discovered in bgpd in FRRouting (FRR) through 8.4. By crafting a BGP OPEN message with an option of type 0xff (Extended Length from RFC 9072), attackers may cause a denial of service (assertion failure and daemon restart, or out-of-bound",https://nvd.nist.gov/vuln/detail/CVE-2022-40302,medium(suggested),,,,https://github.com/FRRouting/frr/releases,
CVE-2022-40318,frr,2023-05-03,6.5,CVSS:3.1/AV:N/AC:L/PR:L/UI:N/S:U/C:N/I:N/A:H,cvssMetricV31,nvd@nist.gov,6,cpe:2.3:a:frrouting:frrouting:*:*:*:*:*:*:*:*,"An issue was discovered in bgpd in FRRouting (FRR) through 8.4. By crafting a BGP OPEN message with an option of type 0xff (Extended Length from RFC 9072), attackers may cause a denial of service (assertion failure and daemon restart, or out-of-bound",https://nvd.nist.gov/vuln/detail/CVE-2022-40318,medium(suggested),,,,https://github.com/FRRouting/frr/releases,
CVE-2022-43681,frr,2023-05-03,6.5,CVSS:3.1/AV:N/AC:L/PR:L/UI:N/S:U/C:N/I:N/A:H,cvssMetricV31,nvd@nist.gov,6,cpe:2.3:a:frrouting:frrouting:*:*:*:*:*:*:*:*,"An out-of-bounds read exists in the BGP daemon of FRRouting FRR through 8.4. When sending a malformed BGP OPEN message that ends with the option length octet (or the option length word, in case of an extended OPEN message), the FRR code reads of out ",https://nvd.nist.gov/vuln/detail/CVE-2022-43681,medium(suggested),,,,https://forescout.com,
CVE-2015-7392,freeswitch,2015-10-05,7.5,AV:N/AC:L/Au:N/C:P/I:P/A:P,cvssMetricV2,nvd@nist.gov,6,cpe:2.3:a:freeswitch:freeswitch:*:*:*:*:*:*:*:*,Heap-based buffer overflow in the parse_string function in libs/esl/src/esl_json.c in FreeSWITCH before 1.4.23 and 1.6.x before 1.6.2 allows remote attackers to execute arbitrary code via a trailing \u in a json string to cJSON_Parse.,https://nvd.nist.gov/vuln/detail/CVE-2015-7392,medium(suggested),,,,http://packetstormsecurity.com/files/133781/freeswitch-Heap-Overflow.html,
CVE-2021-36513,freeswitch,2021-10-18,7.5,CVSS:3.1/AV:N/AC:L/PR:N/UI:N/S:U/C:H/I:N/A:N,cvssMetricV31,nvd@nist.gov,6,cpe:2.3:a:signalwire:freeswitch:*:*:*:*:*:*:*:*,"An issue was discovered in function sofia_handle_sip_i_notify in sofia.c in SignalWire freeswitch before 1.10.6, may allow attackers to view sensitive information due to an uninitialized value.",https://nvd.nist.gov/vuln/detail/CVE-2021-36513,medium(suggested),,,,https://github.com/signalwire/freeswitch/issues/1245,
CVE-2021-41105,freeswitch,2021-10-25,7.5,CVSS:3.1/AV:N/AC:L/PR:N/UI:N/S:U/C:N/I:N/A:H,cvssMetricV31,security-advisories@github.com,6,cpe:2.3:a:freeswitch:freeswitch:*:*:*:*:*:*:*:*,"FreeSWITCH is a Software Defined Telecom Stack enabling the digital transformation from proprietary telecom switches to a software implementation that runs on any commodity hardware. When handling SRTP calls, FreeSWITCH prior to version 1.10.7 is sus",https://nvd.nist.gov/vuln/detail/CVE-2021-41105,medium(suggested),,,,http://seclists.org/fulldisclosure/2021/Oct/43,
CVE-2021-41158,freeswitch,2021-10-26,5.8,CVSS:3.1/AV:N/AC:L/PR:N/UI:N/S:C/C:L/I:N/A:N,cvssMetricV31,security-advisories@github.com,6,cpe:2.3:a:freeswitch:freeswitch:*:*:*:*:*:*:*:*,"FreeSWITCH is a Software Defined Telecom Stack enabling the digital transformation from proprietary telecom switches to a software implementation that runs on any commodity hardware. Prior to version 1.10.7, an attacker can perform a SIP digest leak ",https://nvd.nist.gov/vuln/detail/CVE-2021-41158,medium(suggested),,,,http://seclists.org/fulldisclosure/2021/Oct/40,
CVE-2015-4226,rtp,2015-06-30,7.1,AV:N/AC:M/Au:N/C:N/I:N/A:C,cvssMetricV2,nvd@nist.gov,6,cpe:2.3:o:cisco:unified_ip_phones_9900_series_firmware:9.3\(2\):*:*:*:*:*:*:*,"The packet-storing feature on Cisco 9900 phones with firmware 9.3(2) does not properly support the RTP protocol, which allows remote attackers to cause a denial of service (device hang) by sending malformed RTP packets after a call is answered, aka B",https://nvd.nist.gov/vuln/detail/CVE-2015-4226,medium(suggested),,,,http://tools.cisco.com/security/center/viewAlert.x?alertId=39554,
CVE-2018-7285,rtp,2018-02-22,7.5,CVSS:3.0/AV:N/AC:L/PR:N/UI:N/S:U/C:N/I:N/A:H,cvssMetricV30,nvd@nist.gov,6,cpe:2.3:a:digium:asterisk:*:*:*:*:*:*:*:*,A NULL pointer access issue was discovered in Asterisk 15.x through 15.2.1. The RTP support in Asterisk maintains its own registry of dynamic codecs and desired payload numbers. While an SDP negotiation may result in a codec using a different payload,https://nvd.nist.gov/vuln/detail/CVE-2018-7285,medium(suggested),,,,http://downloads.asterisk.org/pub/security/AST-2018-001.html,
CVE-2018-0280,rtp,2018-05-17,7.5,CVSS:3.0/AV:N/AC:L/PR:N/UI:N/S:U/C:N/I:N/A:H,cvssMetricV30,nvd@nist.gov,6,cpe:2.3:a:cisco:meeting_server:2.0:*:*:*:*:*:*:*,"A vulnerability in the Real-Time Transport Protocol (RTP) bitstream processing of the Cisco Meeting Server could allow an unauthenticated, remote attacker to cause a denial of service (DoS) condition. The vulnerability is due to insufficient input va",https://nvd.nist.gov/vuln/detail/CVE-2018-0280,medium(suggested),,,,http://www.securityfocus.com/bid/104209,
CVE-2019-17192,rtp,2019-10-05,9.8,CVSS:3.1/AV:N/AC:L/PR:N/UI:N/S:U/C:H/I:H/A:H,cvssMetricV31,nvd@nist.gov,6,cpe:2.3:a:signal:private_messenger:*:*:*:*:*:android:*:*,"The WebRTC component in the Signal Private Messenger application through 4.47.7 for Android processes videoconferencing RTP packets before a callee chooses to answer a call, which might make it easier for remote attackers to cause a denial of service",https://nvd.nist.gov/vuln/detail/CVE-2019-17192,medium(suggested),,,,https://bugs.chromium.org/p/project-zero/issues/detail?id=1936,
CVE-2014-9630,rtp,2020-01-24,7.8,CVSS:3.1/AV:L/AC:L/PR:N/UI:R/S:U/C:H/I:H/A:H,cvssMetricV31,nvd@nist.gov,6,cpe:2.3:a:videolan:vlc_media_player:*:*:*:*:*:*:*:*,"The rtp_packetize_xiph_config function in modules/stream_out/rtpfmt.c in VideoLAN VLC media player before 2.1.6 uses a stack-allocation approach with a size determined by arbitrary input data, which allows remote attackers to cause a denial of servic",https://nvd.nist.gov/vuln/detail/CVE-2014-9630,medium(suggested),,,,http://openwall.com/lists/oss-security/2015/01/20/5,
CVE-2017-12217,gtp,2017-09-07,5.3,CVSS:3.0/AV:N/AC:L/PR:N/UI:N/S:U/C:N/I:N/A:L,cvssMetricV30,nvd@nist.gov,6,cpe:2.3:o:cisco:asr_5500_firmware:-:*:*:*:*:*:*:*,"A vulnerability in the General Packet Radio Service (GPRS) Tunneling Protocol ingress packet handler of Cisco ASR 5500 System Architecture Evolution (SAE) Gateways could allow an unauthenticated, remote attacker to cause a partial denial of service (",https://nvd.nist.gov/vuln/detail/CVE-2017-12217,medium(suggested),,,,http://www.securityfocus.com/bid/100642,
CVE-2014-7253,lte,2014-12-05,7.2,AV:L/AC:L/Au:N/C:C/I:C/A:C,cvssMetricV2,nvd@nist.gov,6,cpe:2.3:h:fujitsu:arrows_kiss_f-03d:-:*:*:*:*:*:*:*,"FUJITSU F-12C, ARROWS Tab LTE F-01D, ARROWS Kiss F-03D, and REGZA Phone T-01D for Android allows local users to execute arbitrary commands via unspecified vectors.",https://nvd.nist.gov/vuln/detail/CVE-2014-7253,medium(suggested),,,,http://jvn.jp/en/jp/JVN06302787/995312/index.html,
CVE-2014-8872,lte,2017-08-29,7.8,CVSS:3.0/AV:L/AC:L/PR:N/UI:R/S:U/C:H/I:H/A:H,cvssMetricV30,nvd@nist.gov,6,cpe:2.3:o:avm:fritz\!box_6810_lte_firmware:-:*:*:*:*:*:*:*,"Improper Verification of Cryptographic Signature in AVM FRITZ!Box 6810 LTE after firmware 5.22, FRITZ!Box 6840 LTE after firmware 5.23, and other models with firmware 5.50.",https://nvd.nist.gov/vuln/detail/CVE-2014-8872,medium(suggested),,,,http://packetstormsecurity.com/files/130040/AVM-FRITZ-Box-Firmware-Signature-Bypass.html,
CVE-2022-34821,lte,2022-07-12,7.6,CVSS:3.1/AV:A/AC:H/PR:H/UI:N/S:C/C:H/I:H/A:H,cvssMetricV31,productcert@siemens.com,6,cpe:2.3:o:siemens:simatic_cp_1242-7_v2_firmware:*:*:*:*:*:*:*:*,"A vulnerability has been identified in RUGGEDCOM RM1224 LTE(4G) EU (6GK6108-4AM00-2BA2), RUGGEDCOM RM1224 LTE(4G) NAM (6GK6108-4AM00-2DA2), SCALANCE M804PB (6GK5804-0AP00-2AA2), SCALANCE M812-1 ADSL-Router (6GK5812-1AA00-2AA2), SCALANCE M812-1 ADSL-R",https://nvd.nist.gov/vuln/detail/CVE-2022-34821,medium(suggested),,,,https://cert-portal.siemens.com/productcert/html/ssa-413565.html,
CVE-2023-24022,lte,2023-01-26,10.0,CVSS:3.1/AV:N/AC:L/PR:N/UI:N/S:C/C:H/I:H/A:L,cvssMetricV31,security@baicells.com,6,cpe:2.3:o:baicells:rtd_firmware:*:*:*:*:*:*:*:*,"Baicells Nova 227, Nova 233, and Nova 243 LTE TDD eNodeB devices with firmware through RTS/RTD 3.7.11.3 have hardcoded credentials that are easily discovered and can be used by remote attackers to authenticate via ssh. (The credentials are stored in ",https://nvd.nist.gov/vuln/detail/CVE-2023-24022,medium(suggested),,,,https://baicells.zendesk.com/hc/en-us/articles/6188324645780-2023-1-17-Hard-Coded-Credential-Crypt-Vulnerability,
CVE-2022-26125,frr,2022-03-03,7.8,CVSS:3.1/AV:L/AC:L/PR:N/UI:R/S:U/C:H/I:H/A:H,cvssMetricV31,nvd@nist.gov,5,cpe:2.3:a:frrouting:frrouting:*:*:*:*:*:*:*:*,Buffer overflow vulnerabilities exist in FRRouting through 8.1.0 due to wrong checks on the input packet length in isisd/isis_tlvs.c.,https://nvd.nist.gov/vuln/detail/CVE-2022-26125,medium(suggested),,,,https://github.com/FRRouting/frr/issues/10507,
CVE-2022-26127,frr,2022-03-03,7.8,CVSS:3.1/AV:L/AC:L/PR:N/UI:R/S:U/C:H/I:H/A:H,cvssMetricV31,nvd@nist.gov,5,cpe:2.3:a:frrouting:frrouting:*:*:*:*:*:*:*:*,A buffer overflow vulnerability exists in FRRouting through 8.1.0 due to missing a check on the input packet length in the babel_packet_examin function in babeld/message.c.,https://nvd.nist.gov/vuln/detail/CVE-2022-26127,medium(suggested),,,,https://github.com/FRRouting/frr/issues/10487,
CVE-2022-26128,frr,2022-03-03,7.8,CVSS:3.1/AV:L/AC:L/PR:N/UI:R/S:U/C:H/I:H/A:H,cvssMetricV31,nvd@nist.gov,5,cpe:2.3:a:frrouting:frrouting:*:*:*:*:*:*:*:*,A buffer overflow vulnerability exists in FRRouting through 8.1.0 due to a wrong check on the input packet length in the babel_packet_examin function in babeld/message.c.,https://nvd.nist.gov/vuln/detail/CVE-2022-26128,medium(suggested),,,,https://github.com/FRRouting/frr/issues/10502,
CVE-2022-26129,frr,2022-03-03,7.8,CVSS:3.1/AV:L/AC:L/PR:N/UI:R/S:U/C:H/I:H/A:H,cvssMetricV31,nvd@nist.gov,5,cpe:2.3:a:frrouting:frrouting:*:*:*:*:*:*:*:*,"Buffer overflow vulnerabilities exist in FRRouting through 8.1.0 due to wrong checks on the subtlv length in the functions, parse_hello_subtlv, parse_ihu_subtlv, and parse_update_subtlv in babeld/message.c.",https://nvd.nist.gov/vuln/detail/CVE-2022-26129,medium(suggested),,,,https://github.com/FRRouting/frr/issues/10503,
CVE-2023-46752,frr,2023-10-26,5.9,CVSS:3.1/AV:N/AC:H/PR:N/UI:N/S:U/C:N/I:N/A:H,cvssMetricV31,nvd@nist.gov,5,cpe:2.3:a:frrouting:frrouting:*:*:*:*:*:*:*:*,"An issue was discovered in FRRouting FRR through 9.0.1. It mishandles malformed MP_REACH_NLRI data, leading to a crash.",https://nvd.nist.gov/vuln/detail/CVE-2023-46752,medium(suggested),,,,https://github.com/FRRouting/frr/pull/14645/commits/b08afc81c60607a4f736f418f2e3eb06087f1a35,
CVE-2023-46753,frr,2023-10-26,5.9,CVSS:3.1/AV:N/AC:H/PR:N/UI:N/S:U/C:N/I:N/A:H,cvssMetricV31,nvd@nist.gov,5,cpe:2.3:a:frrouting:frrouting:*:*:*:*:*:*:*:*,"An issue was discovered in FRRouting FRR through 9.0.1. A crash can occur for a crafted BGP UPDATE message without mandatory attributes, e.g., one with only an unknown transit attribute.",https://nvd.nist.gov/vuln/detail/CVE-2023-46753,medium(suggested),,,,https://github.com/FRRouting/frr/pull/14645/commits/d8482bf011cb2b173e85b65b4bf3d5061250cdb9,
CVE-2023-47234,frr,2023-11-03,7.5,CVSS:3.1/AV:N/AC:L/PR:N/UI:N/S:U/C:N/I:N/A:H,cvssMetricV31,nvd@nist.gov,5,cpe:2.3:a:frrouting:frrouting:*:*:*:*:*:*:*:*,An issue was discovered in FRRouting FRR through 9.0.1. A crash can occur when processing a crafted BGP UPDATE message with a MP_UNREACH_NLRI attribute and additional NLRI data (that lacks mandatory path attributes).,https://nvd.nist.gov/vuln/detail/CVE-2023-47234,medium(suggested),,,,https://github.com/FRRouting/frr/pull/14716/commits/c37119df45bbf4ef713bc10475af2ee06e12f3bf,
CVE-2023-47235,frr,2023-11-03,7.5,CVSS:3.1/AV:N/AC:L/PR:N/UI:N/S:U/C:N/I:N/A:H,cvssMetricV31,nvd@nist.gov,5,cpe:2.3:a:frrouting:frrouting:*:*:*:*:*:*:*:*,"An issue was discovered in FRRouting FRR through 9.0.1. A crash can occur when a malformed BGP UPDATE message with an EOR is processed, because the presence of EOR does not lead to a treat-as-withdraw outcome.",https://nvd.nist.gov/vuln/detail/CVE-2023-47235,medium(suggested),,,,https://github.com/FRRouting/frr/pull/14716/commits/6814f2e0138a6ea5e1f83bdd9085d9a77999900b,
CVE-2014-0088,nginx,2014-04-29,7.5,AV:N/AC:L/Au:N/C:P/I:P/A:P,cvssMetricV2,nvd@nist.gov,4,cpe:2.3:a:f5:nginx:1.5.10:*:*:*:*:*:*:*,"The SPDY implementation in the ngx_http_spdy_module module in nginx 1.5.10 before 1.5.11, when running on a 32-bit platform, allows remote attackers to execute arbitrary code via a crafted request.",https://nvd.nist.gov/vuln/detail/CVE-2014-0088,medium(suggested),,,,http://mailman.nginx.org/pipermail/nginx-announce/2014/000132.html,
CVE-2014-3616,nginx,2014-12-08,4.3,AV:N/AC:M/Au:N/C:N/I:P/A:N,cvssMetricV2,nvd@nist.gov,4,cpe:2.3:a:f5:nginx:*:*:*:*:*:*:*:*,"nginx 0.5.6 through 1.7.4, when using the same shared ssl_session_cache or ssl_session_ticket_key for multiple servers, can reuse a cached SSL session for an unrelated context, which allows remote attackers with certain privileges to conduct ""virtual",https://nvd.nist.gov/vuln/detail/CVE-2014-3616,medium(suggested),,,,http://mailman.nginx.org/pipermail/nginx-announce/2014/000147.html,
CVE-2018-1299,nginx,2018-02-06,7.5,CVSS:3.0/AV:N/AC:L/PR:N/UI:N/S:U/C:H/I:N/A:N,cvssMetricV30,nvd@nist.gov,4,cpe:2.3:a:apache:allura:*:*:*:*:*:*:*:*,"In Apache Allura before 1.8.0, unauthenticated attackers may retrieve arbitrary files through the Allura web application. Some webservers used with Allura, such as Nginx, Apache/mod_wsgi or paster may prevent the attack from succeeding. Others, such ",https://nvd.nist.gov/vuln/detail/CVE-2018-1299,medium(suggested),,,,https://allura.apache.org/posts/2018-allura-1.8.0.html,
CVE-2018-11046,nginx,2018-06-25,6.5,CVSS:3.0/AV:N/AC:L/PR:L/UI:N/S:U/C:N/I:H/A:N,cvssMetricV30,nvd@nist.gov,4,cpe:2.3:a:pivotal_software:operations_manager:*:*:*:*:*:*:*:*,"Pivotal Operations Manager, versions 2.1.x prior to 2.1.6 and version 2.0.14, includes NGINX packages that lacks security vulnerability patches. An attacker with access to the NGINX processes and knowledge of how to exploit the unpatched vulnerabilit",https://nvd.nist.gov/vuln/detail/CVE-2018-11046,medium(suggested),,,,http://www.securityfocus.com/bid/104545,
CVE-2018-11747,nginx,2019-03-21,9.8,CVSS:3.0/AV:N/AC:L/PR:N/UI:N/S:U/C:H/I:H/A:H,cvssMetricV30,nvd@nist.gov,4,cpe:2.3:a:puppet:discovery:*:*:*:*:*:*:*:*,"Previously, Puppet Discovery was shipped with a default generated TLS certificate in the nginx container. In version 1.4.0, a unique certificate will be generated on installation or the user will be able to provide their own TLS certificate for ingre",https://nvd.nist.gov/vuln/detail/CVE-2018-11747,medium(suggested),,,,https://lists.apache.org/thread.html/rd0e44e8ef71eeaaa3cf3d1b8b41eb25894372e2995ec908ce7624d26%40%3Ccommits.pulsar.apache.org%3E,
CVE-2019-12938,nginx,2019-06-24,4.3,CVSS:3.0/AV:N/AC:L/PR:L/UI:N/S:U/C:L/I:N/A:N,cvssMetricV30,nvd@nist.gov,4,cpe:2.3:a:analogic:poste.io:2.1.6:*:*:*:*:*:*:*,"The Roundcube component of Analogic Poste.io 2.1.6 uses .htaccess to protect the logs/ folder, which is effective with the Apache HTTP Server but is ineffective with nginx. Attackers can read logs via the webmail/logs/sendmail URI.",https://nvd.nist.gov/vuln/detail/CVE-2019-12938,medium(suggested),,,,https://bitbucket.org/analogic/mailserver/issues/665/posteio-logs-leak,
CVE-2019-13617,nginx,2019-07-16,6.5,CVSS:3.0/AV:N/AC:L/PR:N/UI:R/S:U/C:N/I:N/A:H,cvssMetricV30,nvd@nist.gov,4,cpe:2.3:a:f5:njs:*:*:*:*:*:*:*:*,"njs through 0.3.3, used in NGINX, has a heap-based buffer over-read in nxt_vsprintf in nxt/nxt_sprintf.c during error handling, as demonstrated by an njs_regexp_literal call that leads to an njs_parser_lexer_error call and then an njs_parser_scope_er",https://nvd.nist.gov/vuln/detail/CVE-2019-13617,medium(suggested),,,,https://bugs.chromium.org/p/oss-fuzz/issues/detail?id=15093,
CVE-2019-15517,nginx,2019-08-23,5.5,CVSS:3.0/AV:L/AC:L/PR:L/UI:N/S:U/C:H/I:N/A:N,cvssMetricV30,nvd@nist.gov,4,cpe:2.3:a:jc21:nginx_proxy_manager:*:*:*:*:*:*:*:*,jc21 Nginx Proxy Manager before 2.0.13 allows %2e%2e%2f directory traversal.,https://nvd.nist.gov/vuln/detail/CVE-2019-15517,medium(suggested),,,,https://github.com/jc21/nginx-proxy-manager/compare/2.0.12...2.0.13,
CVE-2015-5305,kubernetes,2015-11-06,6.4,AV:N/AC:L/Au:N/C:N/I:P/A:P,cvssMetricV2,nvd@nist.gov,4,cpe:2.3:a:redhat:openshift:3.0:*:*:*:enterprise:*:*:*,"Directory traversal vulnerability in Kubernetes, as used in Red Hat OpenShift Enterprise 3.0, allows attackers to write to arbitrary files via a crafted object type name, which is not properly handled before passing it to etcd.",https://nvd.nist.gov/vuln/detail/CVE-2015-5305,medium(suggested),,,,https://access.redhat.com/errata/RHSA-2015:1945,
CVE-2016-1905,kubernetes,2016-02-03,7.7,CVSS:3.0/AV:N/AC:L/PR:L/UI:N/S:C/C:N/I:H/A:N,cvssMetricV30,nvd@nist.gov,4,cpe:2.3:a:kubernetes:kubernetes:-:*:*:*:*:*:*:*,"The API server in Kubernetes does not properly check admission control, which allows remote authenticated users to access additional resources via a crafted patched object.",https://nvd.nist.gov/vuln/detail/CVE-2016-1905,medium(suggested),,,,https://access.redhat.com/errata/RHSA-2016:0070,
CVE-2015-7561,kubernetes,2017-08-07,3.1,CVSS:3.0/AV:N/AC:H/PR:L/UI:N/S:U/C:L/I:N/A:N,cvssMetricV30,nvd@nist.gov,4,cpe:2.3:a:kubernetes:kubernetes:-:*:*:*:*:*:*:*,Kubernetes in OpenShift3 allows remote authenticated users to use the private images of other users should they know the name of said image.,https://nvd.nist.gov/vuln/detail/CVE-2015-7561,medium(suggested),,,,https://bugzilla.redhat.com/show_bug.cgi?id=1291963,
CVE-2017-1002100,kubernetes,2017-09-14,6.5,CVSS:3.0/AV:N/AC:L/PR:L/UI:N/S:U/C:H/I:N/A:N,cvssMetricV30,nvd@nist.gov,4,cpe:2.3:a:kubernetes:kubernetes:1.6.0:*:*:*:*:*:*:*,"Default access permissions for Persistent Volumes (PVs) created by the Kubernetes Azure cloud provider in versions 1.6.0 to 1.6.5 are set to ""container"" which exposes a URI that can be accessed without authentication on the public internet. Access to",https://nvd.nist.gov/vuln/detail/CVE-2017-1002100,medium(suggested),,,,https://github.com/kubernetes/kubernetes/issues/47611,
CVE-2017-1002102,kubernetes,2018-03-13,7.1,CVSS:3.0/AV:N/AC:L/PR:L/UI:N/S:U/C:N/I:L/A:H,cvssMetricV30,jordan@liggitt.net,4,cpe:2.3:a:kubernetes:kubernetes:*:*:*:*:*:*:*:*,"In Kubernetes versions 1.3.x, 1.4.x, 1.5.x, 1.6.x and prior to versions 1.7.14, 1.8.9 and 1.9.4 containers using a secret, configMap, projected or downwardAPI volume can trigger deletion of arbitrary files/directories from the nodes where they are ru",https://nvd.nist.gov/vuln/detail/CVE-2017-1002102,medium(suggested),,,,https://access.redhat.com/errata/RHSA-2018:0475,
CVE-2018-0268,kubernetes,2018-05-17,10.0,CVSS:3.0/AV:N/AC:L/PR:N/UI:N/S:C/C:H/I:H/A:H,cvssMetricV30,nvd@nist.gov,4,cpe:2.3:a:cisco:digital_network_architecture_center:*:*:*:*:*:*:*:*,"A vulnerability in the container management subsystem of Cisco Digital Network Architecture (DNA) Center could allow an unauthenticated, remote attacker to bypass authentication and gain elevated privileges. This vulnerability is due to an insecure d",https://nvd.nist.gov/vuln/detail/CVE-2018-0268,medium(suggested),,,,http://www.securityfocus.com/bid/104192,
CVE-2018-5256,kubernetes,2018-05-18,7.5,CVSS:3.1/AV:N/AC:L/PR:N/UI:N/S:U/C:H/I:N/A:N,cvssMetricV31,nvd@nist.gov,4,cpe:2.3:a:redhat:tectonic:*:*:*:*:*:*:*:*,CoreOS Tectonic 1.7.x before 1.7.9-tectonic.4 and 1.8.x before 1.8.4-tectonic.3 mounts a direct proxy to the kubernetes cluster at /api/kubernetes/ which is accessible without authentication to Tectonic and allows an attacker to directly connect to t,https://nvd.nist.gov/vuln/detail/CVE-2018-5256,medium(suggested),,,,https://coreos.com/blog/tectonic-namespace-information-disclosure-vulnerability-patched,
CVE-2018-1000400,kubernetes,2018-05-18,8.8,CVSS:3.0/AV:N/AC:L/PR:L/UI:N/S:U/C:H/I:H/A:H,cvssMetricV30,nvd@nist.gov,4,cpe:2.3:a:kubernetes:cri-o:*:*:*:*:*:*:*:*,"Kubernetes CRI-O version prior to 1.9 contains a Privilege Context Switching Error (CWE-270) vulnerability in the handling of ambient capabilities that can result in containers running with elevated privileges, allowing users abilities they should no",https://nvd.nist.gov/vuln/detail/CVE-2018-1000400,medium(suggested),,,,http://www.securityfocus.com/bid/104262,
CVE-2018-5543,kubernetes,2018-07-31,8.8,CVSS:3.0/AV:N/AC:L/PR:L/UI:N/S:U/C:H/I:H/A:H,cvssMetricV30,nvd@nist.gov,4,cpe:2.3:a:f5:big-ip_controller:*:*:*:*:*:kubernetes:*:*,"The F5 BIG-IP Controller for Kubernetes 1.0.0-1.5.0 (k8s-bigip-crtl) passes BIG-IP username and password as command line parameters, which may lead to disclosure of the credentials used by the container.",https://nvd.nist.gov/vuln/detail/CVE-2018-5543,medium(suggested),,,,http://www.securityfocus.com/bid/104944,
CVE-2018-18843,kubernetes,2018-12-04,10.0,CVSS:3.0/AV:N/AC:L/PR:N/UI:N/S:C/C:H/I:H/A:H,cvssMetricV30,nvd@nist.gov,4,cpe:2.3:a:gitlab:gitlab:*:*:*:*:enterprise:*:*:*,"The Kubernetes integration in GitLab Enterprise Edition 11.x before 11.2.8, 11.3.x before 11.3.9, and 11.4.x before 11.4.4 has SSRF.",https://nvd.nist.gov/vuln/detail/CVE-2018-18843,medium(suggested),,,,https://about.gitlab.com/2018/11/01/critical-security-release-gitlab-11-dot-4-dot-4-released/,
CVE-2019-3869,kubernetes,2019-03-28,7.2,CVSS:3.1/AV:N/AC:L/PR:H/UI:N/S:U/C:H/I:H/A:H,cvssMetricV31,nvd@nist.gov,4,cpe:2.3:a:redhat:ansible_tower:*:*:*:*:*:*:*:*,"When running Tower before 3.4.3 on OpenShift or Kubernetes, application credentials are exposed to playbook job runs via environment variables. A malicious user with the ability to write playbooks could use this to gain administrative privileges.",https://nvd.nist.gov/vuln/detail/CVE-2019-3869,medium(suggested),,,,https://bugzilla.redhat.com/show_bug.cgi?id=CVE-2019-3869,
CVE-2019-4119,kubernetes,2019-05-17,5.3,CVSS:3.1/AV:N/AC:L/PR:N/UI:N/S:U/C:N/I:L/A:N,cvssMetricV31,nvd@nist.gov,4,cpe:2.3:a:ibm:cloud_private:*:*:*:*:*:*:*:*,"IBM Cloud Private Kubernetes API server 2.1.0, 3.1.0, 3.1.1, and 3.1.2 can be used as an HTTP proxy to not only cluster internal but also external target IP addresses. IBM X-Force ID: 158145.",https://nvd.nist.gov/vuln/detail/CVE-2019-4119,medium(suggested),,,,http://www.ibm.com/support/docview.wss?uid=ibm10878460,
CVE-2019-10365,kubernetes,2019-07-31,4.3,CVSS:3.1/AV:N/AC:L/PR:L/UI:N/S:U/C:L/I:N/A:N,cvssMetricV31,nvd@nist.gov,4,cpe:2.3:a:google:kubernetes_engine:*:*:*:*:*:jenkins:*:*,"Jenkins Google Kubernetes Engine Plugin 0.6.2 and earlier created a temporary file containing a temporary access token in the project workspace, where it could be accessed by users with Job/Read permission.",https://nvd.nist.gov/vuln/detail/CVE-2019-10365,medium(suggested),,,,http://www.openwall.com/lists/oss-security/2019/07/31/1,
CVE-2019-13209,kubernetes,2019-09-04,6.1,CVSS:3.0/AV:N/AC:L/PR:N/UI:R/S:C/C:L/I:L/A:N,cvssMetricV30,nvd@nist.gov,4,cpe:2.3:a:suse:rancher:*:*:*:*:*:*:*:*,"Rancher 2 through 2.2.4 is vulnerable to a Cross-Site Websocket Hijacking attack that allows an exploiter to gain access to clusters managed by Rancher. The attack requires a victim to be logged into a Rancher server, and then to access a third-party",https://nvd.nist.gov/vuln/detail/CVE-2019-13209,medium(suggested),,,,https://forums.rancher.com/c/announcements,
CVE-2019-6648,kubernetes,2019-09-04,4.4,CVSS:3.1/AV:L/AC:L/PR:H/UI:N/S:U/C:H/I:N/A:N,cvssMetricV31,nvd@nist.gov,4,cpe:2.3:a:f5:container_ingress_service:1.9.0:*:*:*:*:*:*:*,"On version 1.9.0, If DEBUG logging is enable, F5 Container Ingress Service (CIS) for Kubernetes and Red Hat OpenShift (k8s-bigip-ctlr) log files may contain BIG-IP secrets such as SSL Private Keys and Private key Passphrases as provided as inputs by ",https://nvd.nist.gov/vuln/detail/CVE-2019-6648,medium(suggested),,,,https://support.f5.com/csp/article/K74327432,
CVE-2019-15728,kubernetes,2019-09-16,7.5,CVSS:3.1/AV:N/AC:L/PR:N/UI:N/S:U/C:N/I:H/A:N,cvssMetricV31,nvd@nist.gov,4,cpe:2.3:a:gitlab:gitlab:*:*:*:*:community:*:*:*,"An issue was discovered in GitLab Community and Enterprise Edition 10.1 through 12.2.1. Protections against SSRF attacks on the Kubernetes integration are insufficient, which could have allowed an attacker to request any local network resource access",https://nvd.nist.gov/vuln/detail/CVE-2019-15728,medium(suggested),,,,https://about.gitlab.com/2019/08/29/security-release-gitlab-12-dot-2-dot-3-released/,
CVE-2019-10417,kubernetes,2019-09-25,9.9,CVSS:3.1/AV:N/AC:L/PR:L/UI:N/S:C/C:H/I:H/A:H,cvssMetricV31,nvd@nist.gov,4,cpe:2.3:a:jenkins:kubernetes_pipeline:*:*:*:*:*:jenkins:*:*,"Jenkins Kubernetes :: Pipeline :: Kubernetes Steps Plugin provides a custom whitelist for script security that allowed attackers to invoke arbitrary methods, bypassing typical sandbox protection.",https://nvd.nist.gov/vuln/detail/CVE-2019-10417,medium(suggested),,,,http://www.openwall.com/lists/oss-security/2019/09/25/3,
CVE-2019-10418,kubernetes,2019-09-25,9.9,CVSS:3.1/AV:N/AC:L/PR:L/UI:N/S:C/C:H/I:H/A:H,cvssMetricV31,nvd@nist.gov,4,cpe:2.3:a:jenkins:kubernetes_pipeline:*:*:*:*:*:jenkins:*:*,"Jenkins Kubernetes :: Pipeline :: Arquillian Steps Plugin provides a custom whitelist for script security that allowed attackers to invoke arbitrary methods, bypassing typical sandbox protection.",https://nvd.nist.gov/vuln/detail/CVE-2019-10418,medium(suggested),,,,http://www.openwall.com/lists/oss-security/2019/09/25/3,
CVE-2019-10445,kubernetes,2019-10-16,4.3,CVSS:3.1/AV:N/AC:L/PR:L/UI:N/S:U/C:L/I:N/A:N,cvssMetricV31,nvd@nist.gov,4,cpe:2.3:a:jenkins:google_kubernetes_engine:*:*:*:*:*:jenkins:*:*,A missing permission check in Jenkins Google Kubernetes Engine Plugin 0.7.0 and earlier allowed attackers with Overall/Read permission to obtain limited information about the scope of a credential with an attacker-specified credentials ID.,https://nvd.nist.gov/vuln/detail/CVE-2019-10445,medium(suggested),,,,http://www.openwall.com/lists/oss-security/2019/10/16/6,
CVE-2019-10468,kubernetes,2019-10-23,8.8,CVSS:3.1/AV:N/AC:L/PR:N/UI:R/S:U/C:H/I:H/A:H,cvssMetricV31,nvd@nist.gov,4,cpe:2.3:a:jenkins:kubernetes_ci:*:*:*:*:*:jenkins:*:*,"A cross-site request forgery vulnerability in Jenkins ElasticBox Jenkins Kubernetes CI/CD Plugin allows attackers to connect to an attacker-specified URL using attacker-specified credentials IDs obtained through another method, capturing credentials ",https://nvd.nist.gov/vuln/detail/CVE-2019-10468,medium(suggested),,,,http://www.openwall.com/lists/oss-security/2019/10/23/2,
CVE-2019-10469,kubernetes,2019-10-23,6.5,CVSS:3.1/AV:N/AC:L/PR:L/UI:N/S:U/C:H/I:N/A:N,cvssMetricV31,nvd@nist.gov,4,cpe:2.3:a:jenkins:kubernetes_ci:*:*:*:*:*:jenkins:*:*,"A missing permission check in Jenkins ElasticBox Jenkins Kubernetes CI/CD Plugin allows attackers with Overall/Read permission to connect to an attacker-specified URL using attacker-specified credentials IDs obtained through another method, capturing",https://nvd.nist.gov/vuln/detail/CVE-2019-10469,medium(suggested),,,,http://www.openwall.com/lists/oss-security/2019/10/23/2,
CVE-2019-10470,kubernetes,2019-10-23,6.5,CVSS:3.1/AV:N/AC:L/PR:L/UI:N/S:U/C:H/I:N/A:N,cvssMetricV31,nvd@nist.gov,4,cpe:2.3:a:jenkins:kubernetes_ci:*:*:*:*:*:jenkins:*:*,A missing permission check in Jenkins ElasticBox Jenkins Kubernetes CI/CD Plugin in form-related methods allowed users with Overall/Read access to enumerate credentials ID of credentials stored in Jenkins.,https://nvd.nist.gov/vuln/detail/CVE-2019-10470,medium(suggested),,,,http://www.openwall.com/lists/oss-security/2019/10/23/2,
CVE-2018-1002102,kubernetes,2019-12-05,2.6,CVSS:3.1/AV:N/AC:H/PR:H/UI:R/S:C/C:L/I:N/A:N,cvssMetricV31,jordan@liggitt.net,4,cpe:2.3:a:kubernetes:kubernetes:*:*:*:*:*:*:*:*,Improper validation of URL redirection in the Kubernetes API server in versions prior to v1.14.0 allows an attacker-controlled Kubelet to redirect API server requests from streaming endpoints to arbitrary hosts. Impacted API servers will follow the r,https://nvd.nist.gov/vuln/detail/CVE-2018-1002102,medium(suggested),,,,https://github.com/kubernetes/kubernetes/issues/85867,
CVE-2021-25735,kube-apiserver,2021-09-06,6.5,CVSS:3.1/AV:N/AC:L/PR:H/UI:N/S:U/C:N/I:H/A:H,cvssMetricV31,jordan@liggitt.net,4,cpe:2.3:a:kubernetes:kubernetes:*:*:*:*:*:*:*:*,A security issue was discovered in kube-apiserver that could allow node updates to bypass a Validating Admission Webhook. Clusters are only affected by this vulnerability if they run a Validating Admission Webhook for Nodes that denies admission base,https://nvd.nist.gov/vuln/detail/CVE-2021-25735,medium(suggested),,,,https://github.com/kubernetes/kubernetes/issues/100096,
CVE-2020-12831,frr,2020-05-13,5.3,CVSS:3.1/AV:N/AC:L/PR:N/UI:N/S:U/C:L/I:N/A:N,cvssMetricV31,nvd@nist.gov,4,cpe:2.3:a:linuxfoundation:free_range_routing:*:*:*:*:*:*:*:*,"An issue was discovered in FRRouting FRR (aka Free Range Routing) through 7.3.1. When using the split-config feature, the init script creates an empty config file with world-readable default permissions, leading to a possible information leak via too",https://nvd.nist.gov/vuln/detail/CVE-2020-12831,medium(suggested),,,,https://bugzilla.redhat.com/show_bug.cgi?id=1830805,
CVE-2023-3748,frr,2023-07-24,3.5,CVSS:3.1/AV:A/AC:L/PR:L/UI:N/S:U/C:N/I:N/A:L,cvssMetricV31,secalert@redhat.com,4,cpe:2.3:a:frrouting:frrouting:*:*:*:*:*:*:*:*,"A flaw was found in FRRouting when parsing certain babeld unicast hello messages that are intended to be ignored. This issue may allow an attacker to send specially crafted hello messages with the unicast flag set, the interval field set to 0, or any",https://nvd.nist.gov/vuln/detail/CVE-2023-3748,medium(suggested),,,,https://access.redhat.com/security/cve/CVE-2023-3748,
CVE-2023-41361,frr,2023-08-29,9.8,CVSS:3.1/AV:N/AC:L/PR:N/UI:N/S:U/C:H/I:H/A:H,cvssMetricV31,nvd@nist.gov,4,cpe:2.3:a:frrouting:frrouting:*:*:*:*:*:*:*:*,An issue was discovered in FRRouting FRR 9.0. bgpd/bgp_open.c does not check for an overly large length of the rcv software version.,https://nvd.nist.gov/vuln/detail/CVE-2023-41361,medium(suggested),,,,https://github.com/FRRouting/frr/pull/14241,
CVE-2024-31950,frr,2024-04-07,6.5,CVSS:3.1/AV:N/AC:L/PR:N/UI:N/S:U/C:L/I:L/A:N,cvssMetricV31,134c704f-9b21-4f2e-91b3-4a467353bcc0,4,cpe:2.3:a:frrouting:frrouting:*:*:*:*:*:*:*:*,"In FRRouting (FRR) through 9.1, there can be a buffer overflow and daemon crash in ospf_te_parse_ri for OSPF LSA packets during an attempt to read Segment Routing subTLVs (their size is not validated).",https://nvd.nist.gov/vuln/detail/CVE-2024-31950,medium(suggested),,,,https://github.com/FRRouting/frr/pull/15674/,
CVE-2024-31951,frr,2024-04-07,6.5,CVSS:3.1/AV:A/AC:L/PR:N/UI:N/S:U/C:N/I:N/A:H,cvssMetricV31,134c704f-9b21-4f2e-91b3-4a467353bcc0,4,cpe:2.3:a:frrouting:frrouting:*:*:*:*:*:*:*:*,"In the Opaque LSA Extended Link parser in FRRouting (FRR) through 9.1, there can be a buffer overflow and daemon crash in ospf_te_parse_ext_link for OSPF LSA packets during an attempt to read Segment Routing Adjacency SID subTLVs (lengths are not val",https://nvd.nist.gov/vuln/detail/CVE-2024-31951,medium(suggested),,,,https://github.com/FRRouting/frr/pull/15674/,
CVE-2018-19911,freeswitch,2018-12-06,7.5,CVSS:3.0/AV:N/AC:H/PR:N/UI:R/S:U/C:H/I:H/A:H,cvssMetricV30,nvd@nist.gov,4,cpe:2.3:a:freeswitch:freeswitch:*:*:*:*:*:*:*:*,"FreeSWITCH through 1.8.2, when mod_xml_rpc is enabled, allows remote attackers to execute arbitrary commands via the api/system or txtapi/system (or api/bg_system or txtapi/bg_system) query string on TCP port 8080, as demonstrated by an api/system?ca",https://nvd.nist.gov/vuln/detail/CVE-2018-19911,medium(suggested),,,,https://github.com/iSafeBlue/freeswitch_rce/blob/master/README-en.md,
CVE-2021-41145,freeswitch,2021-10-25,8.6,CVSS:3.1/AV:N/AC:L/PR:N/UI:N/S:C/C:N/I:N/A:H,cvssMetricV31,security-advisories@github.com,4,cpe:2.3:a:freeswitch:freeswitch:*:*:*:*:*:*:*:*,FreeSWITCH is a Software Defined Telecom Stack enabling the digital transformation from proprietary telecom switches to a software implementation that runs on any commodity hardware. FreeSWITCH prior to version 1.10.7 is susceptible to Denial of Serv,https://nvd.nist.gov/vuln/detail/CVE-2021-41145,medium(suggested),,,,https://github.com/signalwire/freeswitch/releases/tag/v1.10.7,
CVE-2023-40018,freeswitch,2023-09-15,7.5,CVSS:3.1/AV:N/AC:L/PR:N/UI:N/S:U/C:N/I:N/A:H,cvssMetricV31,security-advisories@github.com,4,cpe:2.3:a:freeswitch:freeswitch:*:*:*:*:*:*:*:*,"FreeSWITCH is a Software Defined Telecom Stack enabling the digital transformation from proprietary telecom switches to a software implementation that runs on any commodity hardware. Prior to version 1.10.10, FreeSWITCH allows remote users to trigger",https://nvd.nist.gov/vuln/detail/CVE-2023-40018,medium(suggested),,,,https://github.com/signalwire/freeswitch/releases/tag/v1.10.10,
CVE-2023-40019,freeswitch,2023-09-15,7.5,CVSS:3.1/AV:N/AC:L/PR:N/UI:N/S:U/C:N/I:N/A:H,cvssMetricV31,security-advisories@github.com,4,cpe:2.3:a:freeswitch:freeswitch:*:*:*:*:*:*:*:*,"FreeSWITCH is a Software Defined Telecom Stack enabling the digital transformation from proprietary telecom switches to a software implementation that runs on any commodity hardware. Prior to version 1.10.10, FreeSWITCH allows authorized users to cau",https://nvd.nist.gov/vuln/detail/CVE-2023-40019,medium(suggested),,,,https://github.com/signalwire/freeswitch/releases/tag/v1.10.10,
CVE-2015-9048,rtp,2017-08-18,9.8,CVSS:3.0/AV:N/AC:L/PR:N/UI:N/S:U/C:H/I:H/A:H,cvssMetricV30,nvd@nist.gov,4,cpe:2.3:o:google:android:*:*:*:*:*:*:*:*,"In all Qualcomm products with Android releases from CAF using the Linux kernel, a vulnerability exists in the processing of lost RTP packets.",https://nvd.nist.gov/vuln/detail/CVE-2015-9048,medium(suggested),,,,http://www.securityfocus.com/bid/99467,
CVE-2016-10410,rtp,2018-04-18,9.8,CVSS:3.0/AV:N/AC:L/PR:N/UI:N/S:U/C:H/I:H/A:H,cvssMetricV30,nvd@nist.gov,4,cpe:2.3:o:qualcomm:mdm9206_firmware:-:*:*:*:*:*:*:*,"In Android before 2018-04-05 or earlier security patch level on Qualcomm Snapdragon Mobile and Snapdragon Wear MDM9206, MDM9607, MDM9615, MDM9625, MDM9635M, MDM9640, MDM9645, MDM9650, MDM9655, MSM8909W, SD 210/SD 212/SD 205, SD 400, SD 410/12, SD 425",https://nvd.nist.gov/vuln/detail/CVE-2016-10410,medium(suggested),,,,http://www.securityfocus.com/bid/103671,
CVE-2016-10411,rtp,2018-04-18,7.5,CVSS:3.0/AV:N/AC:L/PR:N/UI:N/S:U/C:N/I:N/A:H,cvssMetricV30,nvd@nist.gov,4,cpe:2.3:o:qualcomm:sd_210_firmware:-:*:*:*:*:*:*:*,"In Android before 2018-04-05 or earlier security patch level on Qualcomm Snapdragon Mobile SD 210/SD 212/SD 205, SD 400, SD 410/12, SD 430, SD 450, SD 615/16/SD 415, SD 617, SD 625, SD 650/52, SD 800, SD 808, SD 810, SD 820, and SD 835, RTP daemon cr",https://nvd.nist.gov/vuln/detail/CVE-2016-10411,medium(suggested),,,,http://www.securityfocus.com/bid/103671,
CVE-2018-6344,rtp,2018-12-31,7.5,CVSS:3.1/AV:N/AC:L/PR:N/UI:N/S:U/C:N/I:N/A:H,cvssMetricV31,nvd@nist.gov,4,cpe:2.3:a:whatsapp:whatsapp:*:*:*:*:*:iphone_os:*:*,"A heap corruption in WhatsApp can be caused by a malformed RTP packet being sent after a call is established. The vulnerability can be used to cause denial of service. It affects WhatsApp for Android prior to v2.18.293, WhatsApp for iOS prior to v2.1",https://nvd.nist.gov/vuln/detail/CVE-2018-6344,medium(suggested),,,,http://www.securityfocus.com/bid/106365,
CVE-2017-18329,rtp,2019-01-03,7.8,CVSS:3.0/AV:L/AC:L/PR:L/UI:N/S:U/C:H/I:H/A:H,cvssMetricV30,nvd@nist.gov,4,cpe:2.3:o:qualcomm:mdm9615_firmware:-:*:*:*:*:*:*:*,"Possible Buffer overflow when transmitting an RTP packet in snapdragon automobile and snapdragon wear in versions MDM9615, MDM9625, MDM9635M, MDM9640, MDM9645, MDM9650, MDM9655, MSM8909W, MSM8996AU, SD 210/SD 212/SD 205, SD 425, SD 427, SD 430, SD 43",https://nvd.nist.gov/vuln/detail/CVE-2017-18329,medium(suggested),,,,http://www.securityfocus.com/bid/106128,
CVE-2018-6350,rtp,2019-06-14,9.8,CVSS:3.0/AV:N/AC:L/PR:N/UI:N/S:U/C:H/I:H/A:H,cvssMetricV30,nvd@nist.gov,4,cpe:2.3:a:whatsapp:whatsapp:*:*:*:*:*:android:*:*,"An out-of-bounds read was possible in WhatsApp due to incorrect parsing of RTP extension headers. This issue affects WhatsApp for Android prior to 2.18.276, WhatsApp Business for Android prior to 2.18.99, WhatsApp for iOS prior to 2.18.100.6, WhatsAp",https://nvd.nist.gov/vuln/detail/CVE-2018-6350,hard(suggested),,,,http://www.securityfocus.com/bid/108803,
CVE-2019-15136,rtp,2019-08-18,7.5,CVSS:3.0/AV:N/AC:L/PR:N/UI:N/S:U/C:N/I:H/A:N,cvssMetricV30,nvd@nist.gov,4,cpe:2.3:a:eprosima:fast-rtps:*:*:*:*:*:*:*:*,"The Access Control plugin in eProsima Fast RTPS through 1.9.0 does not check partition permissions from remote participant connections, which can lead to policy bypass for a secure Data Distribution Service (DDS) partition.",https://nvd.nist.gov/vuln/detail/CVE-2019-15136,hard(suggested),,,,https://arxiv.org/abs/1908.05310,
CVE-2019-15137,rtp,2019-08-18,7.5,CVSS:3.0/AV:N/AC:L/PR:N/UI:N/S:U/C:N/I:H/A:N,cvssMetricV30,nvd@nist.gov,4,cpe:2.3:a:eprosima:fast-rtps:*:*:*:*:*:*:*:*,"The Access Control plugin in eProsima Fast RTPS through 1.9.0 allows fnmatch pattern matches with topic name strings (instead of the permission expressions themselves), which can lead to unintended connections between participants in a Data Distribut",https://nvd.nist.gov/vuln/detail/CVE-2019-15137,hard(suggested),,,,https://arxiv.org/abs/1908.05310,
CVE-2019-15639,rtp,2019-09-09,7.5,CVSS:3.1/AV:N/AC:L/PR:N/UI:N/S:U/C:N/I:N/A:H,cvssMetricV31,nvd@nist.gov,4,cpe:2.3:a:digium:asterisk:*:*:*:*:*:*:*:*,main/translate.c in Sangoma Asterisk 13.28.0 and 16.5.0 allows a remote attacker to send a specific RTP packet during a call and cause a crash in a specific scenario.,https://nvd.nist.gov/vuln/detail/CVE-2019-15639,hard(suggested),,,,http://downloads.asterisk.org/pub/security/AST-2019-005.html,
CVE-2014-6598,diameter,2015-01-21,7.6,AV:N/AC:H/Au:N/C:C/I:C/A:C,cvssMetricV2,nvd@nist.gov,4,cpe:2.3:a:oracle:communications_applications:3.0:*:*:*:*:*:*:*,"Unspecified vulnerability in the Oracle Communications Diameter Signaling Router component in Oracle Communications Applications 3.x, 4.x, and 5.0 allows remote attackers to affect confidentiality, integrity, and availability via vectors related to S",https://nvd.nist.gov/vuln/detail/CVE-2014-6598,hard(suggested),,,,http://www.oracle.com/technetwork/topics/security/cpujan2015-1972971.html,
CVE-2015-2608,diameter,2015-10-21,10.0,AV:N/AC:L/Au:N/C:C/I:C/A:C,cvssMetricV2,nvd@nist.gov,4,cpe:2.3:a:oracle:communications_applications:*:*:*:*:*:*:*:*,"Unspecified vulnerability in (1) the Oracle Communications Diameter Signaling Router (DSR) component in Oracle Communications Applications 4.1.6 and earlier, 5.1.0 and earlier, 6.0.2 and earlier, and 7.1.0 and earlier; (2) the Oracle Communications P",https://nvd.nist.gov/vuln/detail/CVE-2015-2608,hard(suggested),,,,http://www.oracle.com/technetwork/topics/security/cpuoct2015-2367953.html,
CVE-2018-5522,diameter,2018-06-01,5.9,CVSS:3.0/AV:N/AC:H/PR:N/UI:N/S:U/C:N/I:N/A:H,cvssMetricV30,nvd@nist.gov,4,cpe:2.3:a:f5:big-ip_application_acceleration_manager:*:*:*:*:*:*:*:*,"On F5 BIG-IP 13.0.0, 12.0.0-12.1.2, 11.6.1-11.6.3.1, 11.5.1-11.5.5, or 11.2.1, when processing DIAMETER transactions with carefully crafted attribute-value pairs, TMM may crash.",https://nvd.nist.gov/vuln/detail/CVE-2018-5522,hard(suggested),,,,http://www.securityfocus.com/bid/104384,
CVE-2018-0181,diameter,2019-01-10,7.3,CVSS:3.0/AV:N/AC:L/PR:N/UI:N/S:U/C:L/I:L/A:L,cvssMetricV30,psirt@cisco.com,4,cpe:2.3:a:cisco:cisco_policy_suite_diameter_routing_agent:-:*:*:*:*:*:*:*,"A vulnerability in the Redis implementation used by the Cisco Policy Suite for Mobile and Cisco Policy Suite Diameter Routing Agent software could allow an unauthenticated, remote attacker to modify key-value pairs for short-lived events stored by th",https://nvd.nist.gov/vuln/detail/CVE-2018-0181,hard(suggested),,,,http://www.securityfocus.com/bid/106547,
CVE-2019-2399,diameter,2019-01-16,6.5,CVSS:3.0/AV:N/AC:L/PR:N/UI:N/S:U/C:L/I:N/A:L,cvssMetricV30,nvd@nist.gov,4,cpe:2.3:a:oracle:communications_diameter_signaling_router:*:*:*:*:*:*:*:*,Vulnerability in the Oracle Communications Diameter Signaling Router (DSR) component of Oracle Communications Applications (subcomponent: Security). The supported version that is affected is prior to 8.3. Easily exploitable vulnerability allows unaut,https://nvd.nist.gov/vuln/detail/CVE-2019-2399,hard(suggested),,,,http://www.oracle.com/technetwork/security-advisory/cpujan2019-5072801.html,
CVE-2015-4275,gtp,2015-07-16,5.0,AV:N/AC:L/Au:N/C:N/I:N/A:P,cvssMetricV2,nvd@nist.gov,4,cpe:2.3:a:cisco:asr_5000_series_software:18.0.0.59167:*:*:*:*:*:*:*,"The Packet Data Network Gateway (aka PGW) component on Cisco ASR 5000 devices with software 18.0.0.59167 and 18.0.0.59211 allows remote attackers to cause a denial of service via a malformed header in a GTPv2 packet, aka Bug ID CSCut11534.",https://nvd.nist.gov/vuln/detail/CVE-2015-4275,hard(suggested),,,,http://tools.cisco.com/security/center/viewAlert.x?alertId=39934,
CVE-2016-1436,gtp,2016-06-23,7.5,CVSS:3.0/AV:N/AC:L/PR:N/UI:N/S:U/C:N/I:N/A:H,cvssMetricV30,nvd@nist.gov,4,cpe:2.3:a:cisco:asr_5000_software:17.2.0:*:*:*:*:*:*:*,The General Packet Radio Switching Tunneling Protocol 1 (aka GTPv1) implementation on Cisco ASR 5000 Packet Data Network Gateway devices before 19.4 allows remote attackers to cause a denial of service (Session Manager process restart) via a crafted ,https://nvd.nist.gov/vuln/detail/CVE-2016-1436,hard(suggested),,,,http://tools.cisco.com/security/center/content/CiscoSecurityAdvisory/cisco-sa-20160621-asr,
CVE-2016-4030,lte,2017-04-13,6.8,CVSS:3.0/AV:P/AC:L/PR:N/UI:N/S:U/C:H/I:H/A:H,cvssMetricV30,nvd@nist.gov,4,cpe:2.3:o:samsung:galaxy_s6_firmware:g920fxxu2coh2:*:*:*:*:*:*:*,"Samsung SM-G920F build G920FXXU2COH2 (Galaxy S6), SM-N9005 build N9005XXUGBOK6 (Galaxy Note 3), GT-I9192 build I9192XXUBNB1 (Galaxy S4 mini), GT-I9195 build I9195XXUCOL1 (Galaxy S4 mini LTE), and GT-I9505 build I9505XXUHOJ2 (Galaxy S4) devices have u",https://nvd.nist.gov/vuln/detail/CVE-2016-4030,hard(suggested),,,,http://www.securityfocus.com/bid/97701,
CVE-2016-4031,lte,2017-04-13,6.8,CVSS:3.0/AV:P/AC:L/PR:N/UI:N/S:U/C:H/I:H/A:H,cvssMetricV30,nvd@nist.gov,4,cpe:2.3:o:samsung:galaxy_s6_firmware:g920fxxu2coh2:*:*:*:*:*:*:*,"Samsung SM-G920F build G920FXXU2COH2 (Galaxy S6), SM-N9005 build N9005XXUGBOK6 (Galaxy Note 3), GT-I9192 build I9192XXUBNB1 (Galaxy S4 mini), GT-I9195 build I9195XXUCOL1 (Galaxy S4 mini LTE), and GT-I9505 build I9505XXUHOJ2 (Galaxy S4) devices allow ",https://nvd.nist.gov/vuln/detail/CVE-2016-4031,hard(suggested),,,,http://www.securityfocus.com/bid/97703,
CVE-2016-4032,lte,2017-04-13,4.6,CVSS:3.0/AV:P/AC:L/PR:N/UI:N/S:U/C:N/I:H/A:N,cvssMetricV30,nvd@nist.gov,4,cpe:2.3:o:samsung:galaxy_s6_firmware:g920fxxu2coh2:*:*:*:*:*:*:*,"Samsung SM-G920F build G920FXXU2COH2 (Galaxy S6), SM-N9005 build N9005XXUGBOK6 (Galaxy Note 3), GT-I9192 build I9192XXUBNB1 (Galaxy S4 mini), GT-I9195 build I9195XXUCOL1 (Galaxy S4 mini LTE), and GT-I9505 build I9505XXUHOJ2 (Galaxy S4) devices do not",https://nvd.nist.gov/vuln/detail/CVE-2016-4032,hard(suggested),,,,http://www.securityfocus.com/bid/97650,
CVE-2015-9044,lte,2017-08-18,9.8,CVSS:3.0/AV:N/AC:L/PR:N/UI:N/S:U/C:H/I:H/A:H,cvssMetricV30,nvd@nist.gov,4,cpe:2.3:o:google:android:*:*:*:*:*:*:*:*,"In all Qualcomm products with Android releases from CAF using the Linux kernel, a vulnerability exists in LTE where an assertion can be reached due to an improper bound on the size of a frequency list.",https://nvd.nist.gov/vuln/detail/CVE-2015-9044,hard(suggested),,,,http://www.securityfocus.com/bid/99467,
CVE-2015-9046,lte,2017-08-18,9.8,CVSS:3.0/AV:N/AC:L/PR:N/UI:N/S:U/C:H/I:H/A:H,cvssMetricV30,nvd@nist.gov,4,cpe:2.3:o:google:android:*:*:*:*:*:*:*:*,"In all Qualcomm products with Android releases from CAF using the Linux kernel, a vulnerability exists in LTE where an assertion can be reached due to an improper bound on the size of a frequency list.",https://nvd.nist.gov/vuln/detail/CVE-2015-9046,hard(suggested),,,,http://www.securityfocus.com/bid/99467,
CVE-2015-9051,lte,2017-08-18,9.8,CVSS:3.0/AV:N/AC:L/PR:N/UI:N/S:U/C:H/I:H/A:H,cvssMetricV30,nvd@nist.gov,4,cpe:2.3:o:google:android:*:*:*:*:*:*:*:*,"In all Qualcomm products with Android releases from CAF using the Linux kernel, a vulnerability exists in LTE where an assertion can be reached due to an improper bound on a length in a System Information message.",https://nvd.nist.gov/vuln/detail/CVE-2015-9051,hard(suggested),,,,http://www.securityfocus.com/bid/99467,
CVE-2015-9052,lte,2017-08-18,9.8,CVSS:3.0/AV:N/AC:L/PR:N/UI:N/S:U/C:H/I:H/A:H,cvssMetricV30,nvd@nist.gov,4,cpe:2.3:o:google:android:*:*:*:*:*:*:*:*,"In all Qualcomm products with Android releases from CAF using the Linux kernel, a vulnerability exists in LTE where an assertion can be reached while processing a downlink message.",https://nvd.nist.gov/vuln/detail/CVE-2015-9052,hard(suggested),,,,http://www.securityfocus.com/bid/99467,
CVE-2016-10344,lte,2017-08-18,9.8,CVSS:3.0/AV:N/AC:L/PR:N/UI:N/S:U/C:H/I:H/A:H,cvssMetricV30,nvd@nist.gov,4,cpe:2.3:o:google:android:*:*:*:*:*:*:*:*,"In all Qualcomm products with Android releases from CAF using the Linux kernel, the use of an out-of-range pointer offset is potentially possible in LTE.",https://nvd.nist.gov/vuln/detail/CVE-2016-10344,hard(suggested),,,,http://www.securityfocus.com/bid/99467,
CVE-2018-14782,lte,2018-08-10,7.5,CVSS:3.0/AV:N/AC:L/PR:N/UI:N/S:U/C:H/I:N/A:N,cvssMetricV30,nvd@nist.gov,4,cpe:2.3:o:netcommwireless:nwl-25_firmware:*:*:*:*:*:*:*:*,NetComm Wireless G LTE Light Industrial M2M Router (NWL-25) with firmware 2.0.29.11 and prior. The device allows access to configuration files and profiles without authenticating the user.,https://nvd.nist.gov/vuln/detail/CVE-2018-14782,hard(suggested),,,,http://www.securityfocus.com/bid/105053,
CVE-2018-14783,lte,2018-08-10,8.8,CVSS:3.0/AV:N/AC:L/PR:N/UI:R/S:U/C:H/I:H/A:H,cvssMetricV30,nvd@nist.gov,4,cpe:2.3:o:netcommwireless:nwl-25_firmware:*:*:*:*:*:*:*:*,"NetComm Wireless G LTE Light Industrial M2M Router (NWL-25) with firmware 2.0.29.11 and prior. A cross-site request forgery condition can occur, allowing an attacker to change passwords of the device remotely.",https://nvd.nist.gov/vuln/detail/CVE-2018-14783,hard(suggested),,,,http://www.securityfocus.com/bid/105053,
CVE-2018-14784,lte,2018-08-10,6.1,CVSS:3.0/AV:N/AC:L/PR:N/UI:R/S:C/C:L/I:L/A:N,cvssMetricV30,nvd@nist.gov,4,cpe:2.3:o:netcommwireless:nwl-25_firmware:*:*:*:*:*:*:*:*,"NetComm Wireless G LTE Light Industrial M2M Router (NWL-25) with firmware 2.0.29.11 and prior. The device is vulnerable to several cross-site scripting attacks, allowing a remote attacker to run arbitrary code on the device.",https://nvd.nist.gov/vuln/detail/CVE-2018-14784,hard(suggested),,,,http://www.securityfocus.com/bid/105053,
CVE-2018-14785,lte,2018-08-10,7.5,CVSS:3.0/AV:N/AC:L/PR:N/UI:N/S:U/C:H/I:N/A:N,cvssMetricV30,nvd@nist.gov,4,cpe:2.3:o:netcommwireless:nwl-25_firmware:*:*:*:*:*:*:*:*,NetComm Wireless G LTE Light Industrial M2M Router (NWL-25) with firmware 2.0.29.11 and prior. The directory of the device is listed openly without authentication.,https://nvd.nist.gov/vuln/detail/CVE-2018-14785,hard(suggested),,,,http://www.securityfocus.com/bid/105053,
CVE-2020-5548,lte,2020-04-01,7.5,CVSS:3.1/AV:N/AC:L/PR:N/UI:N/S:U/C:N/I:N/A:H,cvssMetricV31,nvd@nist.gov,4,cpe:2.3:o:yamaha:rtx830_firmware:*:*:*:*:*:*:*:*,"Yamaha LTE VoIP Router(NVR700W firmware Rev.15.00.15 and earlier), Yamaha Gigabit VoIP Router(NVR510 firmware Rev.15.01.14 and earlier), Yamaha Gigabit VPN Router(RTX810 firmware Rev.11.01.33 and earlier, RTX830 firmware Rev.15.02.09 and earlier, RTX",https://nvd.nist.gov/vuln/detail/CVE-2020-5548,hard(suggested),,,,http://www.rtpro.yamaha.co.jp/RT/FAQ/Security/JVN38732359.html,
CVE-2022-29729,lte,2022-06-02,7.5,CVSS:3.1/AV:N/AC:L/PR:N/UI:N/S:U/C:H/I:N/A:N,cvssMetricV31,nvd@nist.gov,4,cpe:2.3:o:verizon:4g_lte_network_extender_firmware:0.4.038.2131:*:*:*:*:*:*:*,Verizon 4G LTE Network Extender GA4.38 - V0.4.038.2131 utilizes a weak default admin password generation algorithm which generates passwords that are accessible to unauthenticated attackers via the webUI login page.,https://nvd.nist.gov/vuln/detail/CVE-2022-29729,hard(suggested),,,,https://www.verizon.com/,
CVE-2022-29730,lte,2022-06-02,9.8,CVSS:3.1/AV:N/AC:L/PR:N/UI:N/S:U/C:H/I:H/A:H,cvssMetricV31,nvd@nist.gov,4,cpe:2.3:o:usr:usr-g808_firmware:1.0.36:*:*:*:*:*:*:*,USR IOT 4G LTE Industrial Cellular VPN Router v1.0.36 was discovered to contain hard-coded credentials for its highest privileged account. The credentials cannot be altered through normal operation of the device.,https://nvd.nist.gov/vuln/detail/CVE-2022-29730,hard(suggested),,,,https://www.pusr.com/,
CVE-2018-8059,nginx,2018-03-11,8.8,CVSS:3.0/AV:A/AC:L/PR:N/UI:N/S:U/C:H/I:H/A:H,cvssMetricV30,nvd@nist.gov,3,cpe:2.3:a:suse:portus:2.3.0:*:*:*:*:*:*:*,"The Djelibeybi configuration examples for use of NGINX in SUSE Portus 2.3, when applied to certain configurations involving Docker Compose, have a Missing SSL Certificate Validation issue because no proxy_ssl_* directives are used.",https://nvd.nist.gov/vuln/detail/CVE-2018-8059,hard(suggested),,,,http://openwall.com/lists/oss-security/2018/03/07/4,
CVE-2022-31766,lte,2022-10-11,8.6,CVSS:3.1/AV:N/AC:L/PR:N/UI:N/S:C/C:N/I:N/A:H,cvssMetricV31,productcert@siemens.com,3,cpe:2.3:o:siemens:ruggedcom_rm1224_firmware:*:*:*:*:*:*:*:*,"A vulnerability has been identified in RUGGEDCOM RM1224 LTE(4G) EU (6GK6108-4AM00-2BA2) (All versions < V7.1.2), RUGGEDCOM RM1224 LTE(4G) NAM (6GK6108-4AM00-2DA2) (All versions < V7.1.2), SCALANCE M804PB (6GK5804-0AP00-2AA2) (All versions < V7.1.2), ",https://nvd.nist.gov/vuln/detail/CVE-2022-31766,hard(suggested),,,,https://cert-portal.siemens.com/productcert/html/ssa-697140.html,
CVE-2018-1000653,nginx,2018-08-20,9.8,CVSS:3.0/AV:N/AC:L/PR:N/UI:N/S:U/C:H/I:H/A:H,cvssMetricV30,nvd@nist.gov,2,cpe:2.3:a:zzcms:zzcms:*:*:*:*:*:*:*:*,zzcms version 8.3 and earlier contains a SQL Injection vulnerability in zt/top.php line 5 that can result in could be attacked by sql injection in zzcms in nginx. This attack appear to be exploitable via running zzcms in nginx.,https://nvd.nist.gov/vuln/detail/CVE-2018-1000653,hard(suggested),,,,https://gist.github.com/Lz1y/3388fa886a3e10edd2a7e93d3c3e5b6c,
CVE-2019-9945,nginx,2019-03-23,9.8,CVSS:3.0/AV:N/AC:L/PR:N/UI:N/S:U/C:H/I:H/A:H,cvssMetricV30,nvd@nist.gov,2,cpe:2.3:a:softnas:cloud:4.2.0:*:*:*:*:*:*:*,"SoftNAS Cloud 4.2.0 and 4.2.1 allows remote command execution. The NGINX default configuration file has a check to verify the status of a user cookie. If not set, a user is redirected to the login page. An arbitrary value can be provided for this coo",https://nvd.nist.gov/vuln/detail/CVE-2019-9945,hard(suggested),,,,https://www.digitaldefense.com/blog/2019-softnas-cloud-zero-day-blog/,
CVE-2019-9161,nginx,2019-04-18,9.8,CVSS:3.0/AV:N/AC:L/PR:N/UI:N/S:U/C:H/I:H/A:H,cvssMetricV30,nvd@nist.gov,2,cpe:2.3:o:xinruidz:sundray_wan_controller_firmware:*:*:*:*:*:*:*:*,"WAC on the Sangfor Sundray WLAN Controller version 3.7.4.2 and earlier has a Remote Code Execution issue allowing remote attackers to achieve full access to the system, because shell metacharacters in the nginx_webconsole.php Cookie header can be use",https://nvd.nist.gov/vuln/detail/CVE-2019-9161,hard(suggested),,,,http://www.cnvd.org.cn/flaw/show/CNVD-2019-07679,
CVE-2019-11837,nginx,2019-05-09,7.5,CVSS:3.0/AV:N/AC:L/PR:N/UI:N/S:U/C:N/I:N/A:H,cvssMetricV30,nvd@nist.gov,2,cpe:2.3:a:f5:njs:*:*:*:*:*:*:*:*,"njs through 0.3.1, used in NGINX, has a segmentation fault in String.prototype.toBytes for negative arguments, related to nxt_utf8_next in nxt/nxt_utf8.h and njs_string_offset in njs/njs_string.c.",https://nvd.nist.gov/vuln/detail/CVE-2019-11837,hard(suggested),,,,https://github.com/nginx/njs/issues/155,
CVE-2019-11838,nginx,2019-05-09,9.8,CVSS:3.0/AV:N/AC:L/PR:N/UI:N/S:U/C:H/I:H/A:H,cvssMetricV30,nvd@nist.gov,2,cpe:2.3:a:f5:njs:*:*:*:*:*:*:*:*,"njs through 0.3.1, used in NGINX, has a heap-based buffer overflow in Array.prototype.splice after a resize, related to njs_array_prototype_splice in njs/njs_array.c, because of njs_array_expand size mishandling.",https://nvd.nist.gov/vuln/detail/CVE-2019-11838,hard(suggested),,,,https://github.com/nginx/njs/issues/153,
CVE-2019-11839,nginx,2019-05-09,9.8,CVSS:3.0/AV:N/AC:L/PR:N/UI:N/S:U/C:H/I:H/A:H,cvssMetricV30,nvd@nist.gov,2,cpe:2.3:a:f5:njs:*:*:*:*:*:*:*:*,"njs through 0.3.1, used in NGINX, has a heap-based buffer overflow in Array.prototype.push after a resize, related to njs_array_prototype_push in njs/njs_array.c, because of njs_array_expand size mishandling.",https://nvd.nist.gov/vuln/detail/CVE-2019-11839,hard(suggested),,,,https://github.com/nginx/njs/issues/152,
CVE-2019-12206,nginx,2019-05-20,9.8,CVSS:3.0/AV:N/AC:L/PR:N/UI:N/S:U/C:H/I:H/A:H,cvssMetricV30,nvd@nist.gov,2,cpe:2.3:a:f5:njs:*:*:*:*:*:*:*:*,"njs through 0.3.1, used in NGINX, has a heap-based buffer overflow in nxt_utf8_encode in nxt_utf8.c.",https://nvd.nist.gov/vuln/detail/CVE-2019-12206,hard(suggested),,,,https://github.com/nginx/njs/issues/162,
CVE-2019-12207,nginx,2019-05-20,9.8,CVSS:3.0/AV:N/AC:L/PR:N/UI:N/S:U/C:H/I:H/A:H,cvssMetricV30,nvd@nist.gov,2,cpe:2.3:a:f5:njs:*:*:*:*:*:*:*:*,"njs through 0.3.1, used in NGINX, has a heap-based buffer over-read in nxt_utf8_decode in nxt/nxt_utf8.c.",https://nvd.nist.gov/vuln/detail/CVE-2019-12207,hard(suggested),,,,https://github.com/nginx/njs/issues/168,
CVE-2019-12208,nginx,2019-05-20,9.8,CVSS:3.0/AV:N/AC:L/PR:N/UI:N/S:U/C:H/I:H/A:H,cvssMetricV30,nvd@nist.gov,2,cpe:2.3:a:f5:njs:*:*:*:*:*:*:*:*,"njs through 0.3.1, used in NGINX, has a heap-based buffer overflow in njs_function_native_call in njs/njs_function.c.",https://nvd.nist.gov/vuln/detail/CVE-2019-12208,hard(suggested),,,,https://github.com/nginx/njs/issues/163,
CVE-2019-13067,nginx,2019-06-30,9.8,CVSS:3.0/AV:N/AC:L/PR:N/UI:N/S:U/C:H/I:H/A:H,cvssMetricV30,nvd@nist.gov,2,cpe:2.3:a:f5:njs:*:*:*:*:*:*:*:*,"njs through 0.3.3, used in NGINX, has a buffer over-read in nxt_utf8_decode in nxt/nxt_utf8.c. This issue occurs after the fix for CVE-2019-12207 is in place.",https://nvd.nist.gov/vuln/detail/CVE-2019-13067,hard(suggested),,,,https://github.com/nginx/njs/issues/183,
CVE-2019-13980,nginx,2019-07-19,8.8,CVSS:3.0/AV:N/AC:L/PR:N/UI:R/S:U/C:H/I:H/A:H,cvssMetricV30,nvd@nist.gov,2,cpe:2.3:a:rangerstudio:directus_7_api:*:*:*:*:*:*:*:*,"In Directus 7 API through 2.3.0, uploading of PHP files is blocked only when the Apache HTTP Server is used, leading to uploads/_/originals remote code execution with nginx.",https://nvd.nist.gov/vuln/detail/CVE-2019-13980,hard(suggested),,,,https://github.com/directus/api/issues/979,
CVE-2019-18371,nginx,2019-10-23,7.5,CVSS:3.1/AV:N/AC:L/PR:N/UI:N/S:U/C:H/I:N/A:N,cvssMetricV31,nvd@nist.gov,2,cpe:2.3:o:mi:millet_router_3g_firmware:*:*:*:*:*:*:*:*,"An issue was discovered on Xiaomi Mi WiFi R3G devices before 2.28.23-stable. There is a directory traversal vulnerability to read arbitrary files via a misconfigured NGINX alias, as demonstrated by api-third-party/download/extdisks../etc/config/accou",https://nvd.nist.gov/vuln/detail/CVE-2019-18371,hard(suggested),,,,https://github.com/UltramanGaia/Xiaomi_Mi_WiFi_R3G_Vulnerability_POC/blob/master/arbitrary_file_read_vulnerability.py,
CVE-2017-1000056,kubernetes,2017-07-17,9.8,CVSS:3.0/AV:N/AC:L/PR:N/UI:N/S:U/C:H/I:H/A:H,cvssMetricV30,nvd@nist.gov,2,cpe:2.3:a:kubernetes:kubernetes:1.5.0:*:*:*:*:*:*:*,Kubernetes version 1.5.0-1.5.4 is vulnerable to a privilege escalation in the PodSecurityPolicy admission plugin resulting in the ability to make use of any existing PodSecurityPolicy object.,https://nvd.nist.gov/vuln/detail/CVE-2017-1000056,hard(suggested),,,,https://github.com/kubernetes/kubernetes/issues/43459,
CVE-2018-1000187,kubernetes,2018-06-05,6.5,CVSS:3.0/AV:N/AC:L/PR:L/UI:N/S:U/C:H/I:N/A:N,cvssMetricV30,nvd@nist.gov,2,cpe:2.3:a:jenkins:kubernetes:*:*:*:*:*:jenkins:*:*,A exposure of sensitive information vulnerability exists in Jenkins Kubernetes Plugin 1.7.0 and older in ContainerExecDecorator.java that results in sensitive variables such as passwords being written to logs.,https://nvd.nist.gov/vuln/detail/CVE-2018-1000187,hard(suggested),,,,https://jenkins.io/security/advisory/2018-06-04/#SECURITY-883,
CVE-2018-1999040,kubernetes,2018-08-01,8.8,CVSS:3.0/AV:N/AC:L/PR:L/UI:N/S:U/C:H/I:H/A:H,cvssMetricV30,nvd@nist.gov,2,cpe:2.3:a:jenkins:kubernetes:*:*:*:*:*:jenkins:*:*,An exposure of sensitive information vulnerability exists in Jenkins Kubernetes Plugin 1.10.1 and earlier in KubernetesCloud.java that allows attackers to capture credentials with a known credentials ID stored in Jenkins.,https://nvd.nist.gov/vuln/detail/CVE-2018-1999040,hard(suggested),,,,https://jenkins.io/security/advisory/2018-07-30/#SECURITY-1016,
CVE-2018-1002103,kubernetes,2018-12-05,8.1,CVSS:3.0/AV:N/AC:L/PR:N/UI:R/S:U/C:H/I:H/A:N,cvssMetricV30,jordan@liggitt.net,2,cpe:2.3:a:kubernetes:minikube:*:*:*:*:*:*:*:*,"In Minikube versions 0.3.0-0.29.0, minikube exposes the Kubernetes Dashboard listening on the VM IP at port 30000. In VM environments where the IP is easy to predict, the attacker can use DNS rebinding to indirectly make requests to the Kubernetes Da",https://nvd.nist.gov/vuln/detail/CVE-2018-1002103,hard(suggested),,,,https://github.com/kubernetes/minikube/issues/3208,
CVE-2019-3779,kubernetes,2019-03-08,8.8,CVSS:3.0/AV:A/AC:L/PR:N/UI:N/S:U/C:H/I:H/A:H,cvssMetricV30,security_alert@emc.com,2,cpe:2.3:a:cloudfoundry:container_runtime:*:*:*:*:*:*:*:*,"Cloud Foundry Container Runtime, versions prior to 0.29.0, deploys Kubernetes clusters utilize the same CA (Certificate Authority) to sign and trust certs for ETCD as used by the Kubernetes API. This could allow a user authenticated with a cluster to",https://nvd.nist.gov/vuln/detail/CVE-2019-3779,hard(suggested),,,,https://www.cloudfoundry.org/blog/cve-2019-3779,
CVE-2024-27913,frr,2024-02-28,6.5,CVSS:3.1/AV:A/AC:L/PR:N/UI:N/S:U/C:N/I:N/A:H,cvssMetricV31,nvd@nist.gov,2,cpe:2.3:a:frrouting:frrouting:*:*:*:*:*:*:*:*,"ospf_te_parse_te in ospfd/ospf_te.c in FRRouting (FRR) through 9.1 allows remote attackers to cause a denial of service (ospfd daemon crash) via a malformed OSPF LSA packet, because of an attempted access to a missing attribute field.",https://nvd.nist.gov/vuln/detail/CVE-2024-27913,hard(suggested),,,,https://github.com/FRRouting/frr/pull/15431,
CVE-2024-34088,frr,2024-04-30,7.5,CVSS:3.1/AV:N/AC:L/PR:N/UI:N/S:U/C:N/I:N/A:H,cvssMetricV31,134c704f-9b21-4f2e-91b3-4a467353bcc0,2,cpe:2.3:a:frrouting:frrouting:*:*:*:*:*:*:*:*,"In FRRouting (FRR) through 9.1, it is possible for the get_edge() function in ospf_te.c in the OSPF daemon to return a NULL pointer. In cases where calling functions do not handle the returned NULL value, the OSPF daemon crashes, leading to denial of",https://nvd.nist.gov/vuln/detail/CVE-2024-34088,hard(suggested),,,,https://github.com/FRRouting/frr/pull/15674/commits/34d704fb0ea60dc5063af477a2c11d4884984d4f,
CVE-2019-19492,freeswitch,2019-12-02,9.8,CVSS:3.1/AV:N/AC:L/PR:N/UI:N/S:U/C:H/I:H/A:H,cvssMetricV31,nvd@nist.gov,2,cpe:2.3:a:freeswitch:freeswitch:*:*:*:*:*:*:*:*,FreeSWITCH 1.6.10 through 1.10.1 has a default password in event_socket.conf.xml.,https://nvd.nist.gov/vuln/detail/CVE-2019-19492,hard(suggested),,,,https://www.exploit-db.com/exploits/47698,
CVE-2020-27613,freeswitch,2020-10-21,8.4,CVSS:3.1/AV:L/AC:L/PR:N/UI:N/S:U/C:H/I:H/A:H,cvssMetricV31,nvd@nist.gov,2,cpe:2.3:a:bigbluebutton:bigbluebutton:*:*:*:*:*:*:*:*,"The installation procedure in BigBlueButton before 2.2.28 (or earlier) uses ClueCon as the FreeSWITCH password, which allows local users to achieve unintended FreeSWITCH access.",https://nvd.nist.gov/vuln/detail/CVE-2020-27613,hard(suggested),,,,https://www.golem.de/news/big-blue-button-das-grosse-blaue-sicherheitsrisiko-2010-151610.html,
CVE-2021-43403,freeswitch,2022-09-29,6.5,CVSS:3.1/AV:N/AC:L/PR:L/UI:N/S:U/C:H/I:N/A:N,cvssMetricV31,nvd@nist.gov,2,cpe:2.3:a:fusionpbx:fusionpbx:*:*:*:*:*:*:*:*,"An issue was discovered in FusionPBX before 4.5.30. The log_viewer.php Log View page allows an authenticated user to choose an arbitrary filename for download (i.e., not necessarily freeswitch.log in the intended directory).",https://nvd.nist.gov/vuln/detail/CVE-2021-43403,hard(suggested),,,,https://github.com/fusionpbx/fusionpbx/commit/57b7bf0d6b67bda07d550b07d984a44755510d9c,
CVE-2018-5742,bind9,2019-10-30,7.5,CVSS:3.1/AV:N/AC:L/PR:N/UI:N/S:U/C:N/I:N/A:H,cvssMetricV31,nvd@nist.gov,2,cpe:2.3:a:isc:bind:*:*:*:*:*:*:*:*,"While backporting a feature for a newer branch of BIND9, RedHat introduced a path leading to an assertion failure in buffer.c:420. Affects RedHat versions bind-9.9.4-65.el7 -> bind-9.9.4-72.el7. No ISC releases are affected. Other packages from other",https://nvd.nist.gov/vuln/detail/CVE-2018-5742,hard(suggested),,,,https://access.redhat.com/security/cve/cve-2018-5742,
CVE-2017-14114,rtp,2017-09-02,6.5,CVSS:3.0/AV:N/AC:L/PR:N/UI:N/S:U/C:L/I:N/A:L,cvssMetricV30,nvd@nist.gov,2,cpe:2.3:a:rtpproxy:rtpproxy:*:alpha.20160822:*:*:*:*:*:*,"RTPproxy through 2.2.alpha.20160822 has a NAT feature that results in not properly determining the IP address and port number of the legitimate recipient of RTP traffic, which allows remote attackers to obtain sensitive information or cause a denial ",https://nvd.nist.gov/vuln/detail/CVE-2017-14114,hard(suggested),,,,https://rtpbleed.com,
CVE-2019-6686,diameter,2019-12-23,5.3,CVSS:3.1/AV:N/AC:L/PR:N/UI:N/S:U/C:N/I:N/A:L,cvssMetricV31,nvd@nist.gov,2,cpe:2.3:a:f5:big-ip_local_traffic_manager:*:*:*:*:*:*:*:*,"On BIG-IP versions 15.0.0-15.0.1.1, 14.1.0-14.1.2, 14.0.0-14.0.1, 13.1.0-13.1.3.1, the Traffic Management Microkernel (TMM) might stop responding after the total number of diameter connections and pending messages on a single virtual server has reach",https://nvd.nist.gov/vuln/detail/CVE-2019-6686,hard(suggested),,,,https://support.f5.com/csp/article/K55812535,
CVE-2020-6098,diameter,2020-07-28,7.5,CVSS:3.1/AV:N/AC:L/PR:N/UI:N/S:U/C:N/I:N/A:H,cvssMetricV31,nvd@nist.gov,2,cpe:2.3:a:freediameter:freediameter:1.3.2:*:*:*:*:*:*:*,An exploitable denial of service vulnerability exists in the freeDiameter functionality of freeDiameter 1.3.2. A specially crafted Diameter request can trigger a memory corruption resulting in denial-of-service. An attacker can send a malicious packe,https://nvd.nist.gov/vuln/detail/CVE-2020-6098,hard(suggested),,,,https://talosintelligence.com/vulnerability_reports/TALOS-2020-1030,
CVE-2020-14787,diameter,2020-10-21,5.4,CVSS:3.1/AV:N/AC:L/PR:L/UI:R/S:C/C:L/I:L/A:N,cvssMetricV31,secalert_us@oracle.com,2,cpe:2.3:a:oracle:communications_diameter_signaling_router:*:*:*:*:*:*:*:*,Vulnerability in the Oracle Communications Diameter Signaling Router (DSR) product of Oracle Communications (component: User Interface). Supported versions that are affected are 8.0.0.0-8.4.0.5. Easily exploitable vulnerability allows low privileged ,https://nvd.nist.gov/vuln/detail/CVE-2020-14787,hard(suggested),,,,https://www.oracle.com/security-alerts/cpuoct2020.html,
CVE-2020-14788,diameter,2020-10-21,6.1,CVSS:3.1/AV:N/AC:L/PR:N/UI:R/S:C/C:L/I:L/A:N,cvssMetricV31,secalert_us@oracle.com,2,cpe:2.3:a:oracle:communications_diameter_signaling_router:*:*:*:*:*:*:*:*,Vulnerability in the Oracle Communications Diameter Signaling Router (DSR) product of Oracle Communications (component: User Interface). Supported versions that are affected are 8.0.0.0-8.4.0.5. Easily exploitable vulnerability allows unauthenticated,https://nvd.nist.gov/vuln/detail/CVE-2020-14788,hard(suggested),,,,https://www.oracle.com/security-alerts/cpuoct2020.html,
CVE-2022-23019,diameter,2022-01-25,7.5,CVSS:3.1/AV:N/AC:L/PR:N/UI:N/S:U/C:N/I:N/A:H,cvssMetricV31,nvd@nist.gov,2,cpe:2.3:a:f5:big-ip_access_policy_manager:*:*:*:*:*:*:*:*,"On BIG-IP version 16.1.x before 16.1.2, 15.1.x before 15.1.4.1, 14.1.x before 14.1.4.4, and all versions of 13.1.x and 12.1.x, when a message routing type virtual server is configured with both Diameter Session and Router Profiles, undisclosed traffi",https://nvd.nist.gov/vuln/detail/CVE-2022-23019,hard(suggested),,,,https://support.f5.com/csp/article/K82793463,
CVE-2014-3386,gtp,2014-10-10,7.8,AV:N/AC:L/Au:N/C:N/I:N/A:C,cvssMetricV2,nvd@nist.gov,2,cpe:2.3:a:cisco:asa:8.2.5:*:*:*:*:*:*:*,"The GPRS Tunneling Protocol (GTP) inspection engine in Cisco ASA Software 8.2 before 8.2(5.51), 8.4 before 8.4(7.15), 8.7 before 8.7(1.13), 9.0 before 9.0(4.8), and 9.1 before 9.1(5.1) allows remote attackers to cause a denial of service (device relo",https://nvd.nist.gov/vuln/detail/CVE-2014-3386,hard(suggested),,,,http://tools.cisco.com/security/center/content/CiscoSecurityAdvisory/cisco-sa-20141008-asa,
CVE-2018-19939,gtp,2018-12-07,7.5,CVSS:3.1/AV:N/AC:L/PR:N/UI:N/S:U/C:N/I:N/A:H,cvssMetricV31,nvd@nist.gov,2,cpe:2.3:o:mi:mi_a2_lite_firmware:*:*:*:*:*:*:*:*,The Goodix GT9xx touchscreen driver for custom Linux kernels on Xiaomi daisy-o-oss and daisy-p-oss as used in Mi A2 Lite and RedMi6 pro devices through 2018-08-27 has a NULL pointer dereference in kfree after a kmalloc failure in gtp_read_Color in dr,https://nvd.nist.gov/vuln/detail/CVE-2018-19939,hard(suggested),,,,https://github.com/MiCode/Xiaomi_Kernel_OpenSource/issues/972,
CVE-2021-23048,gtp,2021-09-14,7.5,CVSS:3.1/AV:N/AC:L/PR:N/UI:N/S:U/C:N/I:N/A:H,cvssMetricV31,nvd@nist.gov,2,cpe:2.3:a:f5:big-ip_access_policy_manager:*:*:*:*:*:*:*:*,"On BIG-IP version 16.0.x before 16.0.1.2, 15.1.x before 15.1.3.1, 14.1.x before 14.1.4.3, 13.1.x before 13.1.4.1, and all versions of 12.1.x and 11.6.x, when GPRS Tunneling Protocol (GTP) iRules commands or a GTP profile is configured on a virtual se",https://nvd.nist.gov/vuln/detail/CVE-2021-23048,hard(suggested),,,,https://support.f5.com/csp/article/K19012930,
CVE-2022-22235,gtp,2022-10-18,5.9,CVSS:3.1/AV:N/AC:H/PR:N/UI:N/S:U/C:N/I:N/A:H,cvssMetricV31,sirt@juniper.net,2,cpe:2.3:o:juniper:junos:20.2:-:*:*:*:*:*:*,"An Improper Check for Unusual or Exceptional Conditions vulnerability in the Packet Forwarding Engine (PFE) of Juniper Networks Junos OS on SRX Series allows an unauthenticated, network-based, attacker to cause Denial of Service (DoS). A PFE crash wi",https://nvd.nist.gov/vuln/detail/CVE-2022-22235,hard(suggested),,,,https://kb.juniper.net/JSA69891,
CVE-2023-23846,gtp,2023-02-01,7.5,CVSS:3.1/AV:N/AC:L/PR:N/UI:N/S:U/C:N/I:N/A:H,cvssMetricV31,nvd@nist.gov,2,cpe:2.3:a:open5gs:open5gs:*:*:*:*:*:*:*:*,"Due to insufficient length validation in the Open5GS GTP library versions prior to versions 2.4.13 and 2.5.7, when parsing extension headers in GPRS tunneling protocol (GPTv1-U) messages, a protocol payload with any extension header length set to zer",https://nvd.nist.gov/vuln/detail/CVE-2023-23846,hard(suggested),,,,https://www.synopsys.com/blogs/software-security/cyrc-advisory-open5gs-gtp-library/,
CVE-2018-6311,lte,2018-03-10,6.8,CVSS:3.1/AV:P/AC:L/PR:N/UI:N/S:U/C:H/I:H/A:H,cvssMetricV31,nvd@nist.gov,2,cpe:2.3:o:foxconn:ap-fc4064-t_firmware:ap_gt_b38_5.8.3lb15-w47_lte:*:*:*:*:*:*:*,"One can gain root access on the Foxconn femtocell FEMTO AP-FC4064-T version AP_GT_B38_5.8.3lb15-W47 LTE Build 15 via UART pins without any restrictions, which leads to full system compromise and disclosure of user communications.",https://nvd.nist.gov/vuln/detail/CVE-2018-6311,hard(suggested),,,,https://gist.github.com/DrmnSamoLiu/cd1d6fa59501f161616686296aa4a6c8,
CVE-2018-6312,lte,2018-03-10,7.2,CVSS:3.1/AV:N/AC:L/PR:H/UI:N/S:U/C:H/I:H/A:H,cvssMetricV31,nvd@nist.gov,2,cpe:2.3:o:foxconn:ap-fc4064-t_firmware:ap_gt_b38_5.8.3lb15-w47_lte:*:*:*:*:*:*:*,"A privileged account with a weak default password on the Foxconn femtocell FEMTO AP-FC4064-T version AP_GT_B38_5.8.3lb15-W47 LTE Build 15 can be used to turn on the TELNET service via the web interface, which allows root login without any password. T",https://nvd.nist.gov/vuln/detail/CVE-2018-6312,hard(suggested),,,,https://gist.github.com/DrmnSamoLiu/cd1d6fa59501f161616686296aa4a6c8,
CVE-2017-15326,lte,2018-03-23,4.3,CVSS:3.0/AV:N/AC:L/PR:N/UI:R/S:U/C:L/I:N/A:N,cvssMetricV30,nvd@nist.gov,2,cpe:2.3:o:huawei:dbs3900_tdd_lte_firmware:v100r003c00:*:*:*:*:*:*:*,"DBS3900 TDD LTE V100R003C00, V100R004C10 have a weak encryption algorithm security vulnerability. DBS3900 TDD LTE supports SSL/TLS protocol negotiation using insecure encryption algorithms. If an insecure encryption algorithm is negotiated in the com",https://nvd.nist.gov/vuln/detail/CVE-2017-15326,hard(suggested),,,,http://www.huawei.com/en/psirt/security-advisories/2018/huawei-sa-20180321-01-encryption-en,
CVE-2018-9111,lte,2018-05-10,5.4,CVSS:3.0/AV:N/AC:L/PR:L/UI:R/S:C/C:L/I:L/A:N,cvssMetricV30,nvd@nist.gov,2,cpe:2.3:o:foxconn:ap-fc4064-t_firmware:ap_gt_b38_5.8.3lb15-w47_lte:*:*:*:*:*:*:*,Cross Site Scripting (XSS) exists on the Foxconn FEMTO AP-FC4064-T AP_GT_B38_5.8.3lb15-W47 LTE Build 15 via the configuration of a user account. An attacker can execute arbitrary script on an unsuspecting user's browser.,https://nvd.nist.gov/vuln/detail/CVE-2018-9111,hard(suggested),,,,https://gist.github.com/ChuanYuan-Huang/a92b8b32980123d5fa9bf5a8299114bf,
CVE-2018-9112,lte,2018-05-10,9.8,CVSS:3.0/AV:N/AC:L/PR:N/UI:N/S:U/C:H/I:H/A:H,cvssMetricV30,nvd@nist.gov,2,cpe:2.3:o:foxconn:ap-fc4064-t_firmware:ap_gt_b38_5.8.3lb15-w47_lte:*:*:*:*:*:*:*,"A low privileged admin account with a weak default password of admin exists on the Foxconn FEMTO AP-FC4064-T AP_GT_B38_5.8.3lb15-W47 LTE Build 15. In addition, its web management page relies on the existence or values of cookies when performing secur",https://nvd.nist.gov/vuln/detail/CVE-2018-9112,hard(suggested),,,,https://gist.github.com/ChuanYuan-Huang/a92b8b32980123d5fa9bf5a8299114bf,
CVE-2018-11982,lte,2018-09-20,8.8,CVSS:3.0/AV:A/AC:L/PR:N/UI:N/S:U/C:H/I:H/A:H,cvssMetricV30,nvd@nist.gov,2,cpe:2.3:o:qualcomm:mdm9206_firmware:-:*:*:*:*:*:*:*,"In Snapdragon (Mobile, Wear) in version MDM9206, MDM9607, MDM9635M, MDM9640, MDM9645, MDM9655, MSM8909W, MSM8996AU, SD 210/SD 212/SD 205, SD 410/12, SD 425, SD 427, SD 430, SD 435, SD 450, SD 615/16/SD 415, SD 617, SD 625, SD 650/52, SD 810, SD 820, ",https://nvd.nist.gov/vuln/detail/CVE-2018-11982,hard(suggested),,,,https://www.qualcomm.com/company/product-security/bulletins,
CVE-2019-5307,lte,2019-06-04,4.2,CVSS:3.0/AV:A/AC:H/PR:N/UI:N/S:U/C:L/I:L/A:N,cvssMetricV30,nvd@nist.gov,2,cpe:2.3:o:huawei:p30_firmware:*:*:*:*:*:*:*:*,"Some Huawei 4G LTE devices, P30 versions before ELE-AL00 9.1.0.162(C01E160R1P12/C01E160R2P1) and P30 Pro versions before VOG-AL00 9.1.0.162(C01E160R1P12/C01E160R2P1), are exposed to a message replay vulnerability. For the sake of better compatibility",https://nvd.nist.gov/vuln/detail/CVE-2019-5307,hard(suggested),,,,https://www.huawei.com/en/psirt/security-advisories/huawei-sa-20190529-01-replay-en,
CVE-2019-3409,lte,2019-06-11,9.0,CVSS:3.0/AV:A/AC:L/PR:L/UI:N/S:C/C:H/I:H/A:H,cvssMetricV30,psirt@zte.com.cn,2,cpe:2.3:o:zte:wf820\+_lte_outdoor_cpe_firmware:*:*:*:*:*:*:*:*,"All versions up to UKBB_WF820+_1.0.0B06 of ZTE WF820+ LTE Outdoor CPE product are impacted by command injection vulnerability. Due to inadequate parameter verification, unauthorized users can take advantage of this vulnerability to control the user t",https://nvd.nist.gov/vuln/detail/CVE-2019-3409,hard(suggested),,,,http://support.zte.com.cn/support/news/LoopholeInfoDetail.aspx?newsId=1010662,
CVE-2019-3410,lte,2019-06-11,4.6,CVSS:3.0/AV:A/AC:L/PR:N/UI:R/S:U/C:N/I:L/A:L,cvssMetricV30,psirt@zte.com.cn,2,cpe:2.3:o:zte:wf820\+_lte_outdoor_cpe_firmware:*:*:*:*:*:*:*:*,"All versions up to UKBB_WF820+_1.0.0B06 of ZTE WF820+ LTE Outdoor CPE product are impacted by Cross-Site Request Forgery vulnerability,which stems from the fact that WEB applications do not adequately verify whether requests come from trusted users. ",https://nvd.nist.gov/vuln/detail/CVE-2019-3410,hard(suggested),,,,http://support.zte.com.cn/support/news/LoopholeInfoDetail.aspx?newsId=1010662,
CVE-2019-18659,lte,2019-11-02,5.3,CVSS:3.1/AV:N/AC:L/PR:N/UI:N/S:U/C:N/I:L/A:N,cvssMetricV31,nvd@nist.gov,2,cpe:2.3:a:ready:wireless_emergency_alerts:-:*:*:*:*:*:*:*,"The Wireless Emergency Alerts (WEA) protocol allows remote attackers to spoof a Presidential Alert because cryptographic authentication is not used, as demonstrated by MessageIdentifier 4370 in LTE System Information Block 12 (aka SIB12). NOTE: testi",https://nvd.nist.gov/vuln/detail/CVE-2019-18659,hard(suggested),,,,https://dl.acm.org/citation.cfm?id=3326082,
CVE-2019-20783,lte,2020-04-17,9.1,CVSS:3.1/AV:N/AC:L/PR:N/UI:N/S:U/C:H/I:H/A:N,cvssMetricV31,nvd@nist.gov,2,cpe:2.3:o:google:android:7.0:*:*:*:*:*:*:*,"An issue was discovered on LG mobile devices with Android OS 7.0, 7.1, 7.2, 8.0, and 8.1 (North America CDMA) software. The LTE protocol implementation allows a bypass of AKA (Authentication and Key Agreement). The LG ID is LVE-SMP-180014 (February 2",https://nvd.nist.gov/vuln/detail/CVE-2019-20783,hard(suggested),,,,https://lgsecurity.lge.com/,
CVE-2020-25280,lte,2020-09-11,6.8,CVSS:3.1/AV:P/AC:L/PR:N/UI:N/S:U/C:H/I:H/A:H,cvssMetricV31,nvd@nist.gov,2,cpe:2.3:o:google:android:10.0:*:*:*:*:*:*:*,An issue was discovered on Samsung mobile devices with Q(10.0) (Exynos and MediaTek chipsets) software. Unauthenticated attackers can execute LTE/5G commands by sending a debugging command over USB. The Samsung ID is SVE-2020-16979 (September 2020).,https://nvd.nist.gov/vuln/detail/CVE-2020-25280,hard(suggested),,,,https://security.samsungmobile.com/securityUpdate.smsb,
CVE-2020-25858,lte,2020-10-15,7.5,CVSS:3.1/AV:N/AC:L/PR:N/UI:N/S:U/C:N/I:N/A:H,cvssMetricV31,nvd@nist.gov,2,cpe:2.3:a:qualcomm:qualcomm_mobile_access_point:-:*:*:*:*:*:*:*,The QCMAP_Web_CLIENT binary in the Qualcomm QCMAP software suite prior to versions released in October 2020 does not validate the return value of a strstr() or strchr() call in the Tokenizer() function. An attacker who invokes the web interface with ,https://nvd.nist.gov/vuln/detail/CVE-2020-25858,hard(suggested),,,,http://vdoo.com/blog/qualcomm-qcmap-vulnerabilities,
CVE-2020-25859,lte,2020-10-15,6.7,CVSS:3.1/AV:L/AC:L/PR:H/UI:N/S:U/C:H/I:H/A:H,cvssMetricV31,nvd@nist.gov,2,cpe:2.3:a:qualcomm:qcmap:-:*:*:*:*:*:*:*,"The QCMAP_CLI utility in the Qualcomm QCMAP software suite prior to versions released in October 2020 uses a system() call without validating the input, while handling a SetGatewayUrl() request. A local attacker with shell access can pass shell metac",https://nvd.nist.gov/vuln/detail/CVE-2020-25859,hard(suggested),,,,http://vdoo.com/blog/qualcomm-qcmap-vulnerabilities,
CVE-2020-25705,lte,2020-11-17,7.4,CVSS:3.1/AV:N/AC:H/PR:N/UI:N/S:U/C:H/I:H/A:N,cvssMetricV31,nvd@nist.gov,2,cpe:2.3:o:linux:linux_kernel:*:*:*:*:*:*:*:*,A flaw in ICMP packets in the Linux kernel may allow an attacker to quickly scan open UDP ports. This flaw allows an off-path remote attacker to effectively bypass source port UDP randomization. Software that relies on UDP source port randomization a,https://nvd.nist.gov/vuln/detail/CVE-2020-25705,hard(suggested),,,,https://us-cert.cisa.gov/ics/advisories/icsa-21-131-03,
CVE-2020-28899,lte,2021-03-16,9.1,CVSS:3.1/AV:N/AC:L/PR:N/UI:N/S:U/C:H/I:H/A:N,cvssMetricV31,nvd@nist.gov,2,cpe:2.3:o:zyxel:lte4506-m606_firmware:*:*:*:*:*:*:*:*,"The Web CGI Script on ZyXEL LTE4506-M606 V1.00(ABDO.2)C0 devices does not require authentication, which allows remote unauthenticated attackers (via crafted JSON action data to /cgi-bin/gui.cgi) to use all features provided by the router. Examples: c",https://nvd.nist.gov/vuln/detail/CVE-2020-28899,hard(suggested),,,,https://www.zyxel.com/support/Zyxel-security-advisory-for-CGI-vulnerability-of-LTE.shtml,
CVE-2020-11218,lte,2021-03-17,7.5,CVSS:3.1/AV:N/AC:L/PR:N/UI:N/S:U/C:N/I:N/A:H,cvssMetricV31,nvd@nist.gov,2,cpe:2.3:o:qualcomm:apq8017_firmware:-:*:*:*:*:*:*:*,"Denial of service in baseband when NW configures LTE betaOffset-RI-Index due to lack of data validation in Snapdragon Auto, Snapdragon Compute, Snapdragon Connectivity, Snapdragon Consumer IOT, Snapdragon Industrial IOT, Snapdragon Mobile",https://nvd.nist.gov/vuln/detail/CVE-2020-11218,hard(suggested),,,,https://www.qualcomm.com/company/product-security/bulletins/march-2021-bulletin,
CVE-2021-22382,lte,2021-06-22,6.5,CVSS:3.1/AV:L/AC:L/PR:H/UI:R/S:U/C:H/I:H/A:H,cvssMetricV31,nvd@nist.gov,2,cpe:2.3:o:huawei:e3372_firmware:*:*:*:*:*:*:*:*,"Huawei LTE USB Dongle products have an improper permission assignment vulnerability. An attacker can locally access and log in to a PC to induce a user to install a specially crafted application. After successfully exploiting this vulnerability, the ",https://nvd.nist.gov/vuln/detail/CVE-2021-22382,hard(suggested),,,,https://www.huawei.com/en/psirt/security-advisories/huawei-sa-20210602-01-permission-en,
CVE-2021-30344,lte,2022-06-14,7.5,CVSS:3.1/AV:N/AC:L/PR:N/UI:N/S:U/C:N/I:N/A:H,cvssMetricV31,product-security@qualcomm.com,2,cpe:2.3:o:qualcomm:apq8009w_firmware:-:*:*:*:*:*:*:*,"Improper authorization of a replayed LTE security mode command can lead to a denial of service in Snapdragon Auto, Snapdragon Compute, Snapdragon Connectivity, Snapdragon Consumer IOT, Snapdragon Industrial IOT, Snapdragon Mobile, Snapdragon Voice & ",https://nvd.nist.gov/vuln/detail/CVE-2021-30344,hard(suggested),,,,https://www.qualcomm.com/company/product-security/bulletins/april-2022-bulletin,
CVE-2022-34819,lte,2022-07-12,10.0,CVSS:3.1/AV:N/AC:L/PR:N/UI:N/S:C/C:H/I:H/A:H,cvssMetricV31,productcert@siemens.com,2,cpe:2.3:o:siemens:simatic_cp_1242-7_v2_firmware:*:*:*:*:*:*:*:*,"A vulnerability has been identified in SIMATIC CP 1242-7 V2 (All versions < V3.3.46), SIMATIC CP 1243-1 (All versions < V3.3.46), SIMATIC CP 1243-7 LTE EU (All versions < V3.3.46), SIMATIC CP 1243-7 LTE US (All versions < V3.3.46), SIMATIC CP 1243-8 ",https://nvd.nist.gov/vuln/detail/CVE-2022-34819,hard(suggested),,,,https://cert-portal.siemens.com/productcert/pdf/ssa-517377.pdf,
CVE-2022-34820,lte,2022-07-12,8.4,CVSS:3.1/AV:A/AC:L/PR:H/UI:N/S:C/C:H/I:H/A:H,cvssMetricV31,productcert@siemens.com,2,cpe:2.3:o:siemens:simatic_cp_1242-7_v2_firmware:*:*:*:*:*:*:*:*,"A vulnerability has been identified in SIMATIC CP 1242-7 V2 (All versions < V3.3.46), SIMATIC CP 1243-1 (All versions < V3.3.46), SIMATIC CP 1243-7 LTE EU (All versions < V3.3.46), SIMATIC CP 1243-7 LTE US (All versions < V3.3.46), SIMATIC CP 1243-8 ",https://nvd.nist.gov/vuln/detail/CVE-2022-34820,hard(suggested),,,,https://cert-portal.siemens.com/productcert/pdf/ssa-517377.pdf,
CVE-2022-20375,lte,2022-08-11,7.5,CVSS:3.1/AV:N/AC:L/PR:N/UI:N/S:U/C:N/I:N/A:H,cvssMetricV31,nvd@nist.gov,2,cpe:2.3:o:google:android:-:*:*:*:*:*:*:*,"In LteRrcNrProAsnDecode of LteRrcNr_Codec.c, there is a possible out of bounds read due to a missing bounds check. This could lead to remote denial of service with no additional execution privileges needed. User interaction is not needed for exploita",https://nvd.nist.gov/vuln/detail/CVE-2022-20375,hard(suggested),,,,https://source.android.com/security/bulletin/pixel/2022-08-01,
CVE-2022-22091,lte,2022-09-16,7.5,CVSS:3.1/AV:N/AC:L/PR:N/UI:N/S:U/C:N/I:N/A:H,cvssMetricV31,product-security@qualcomm.com,2,cpe:2.3:o:qualcomm:apq8017_firmware:-:*:*:*:*:*:*:*,"Improper authorization of a replayed LTE security mode command can lead to a denial of service in Snapdragon Auto, Snapdragon Compute, Snapdragon Connectivity, Snapdragon Consumer IOT, Snapdragon Industrial IOT, Snapdragon Mobile, Snapdragon Wearable",https://nvd.nist.gov/vuln/detail/CVE-2022-22091,hard(suggested),,,,https://www.qualcomm.com/company/product-security/bulletins/september-2022-bulletin,
CVE-2022-40602,lte,2022-11-22,9.8,CVSS:3.1/AV:N/AC:L/PR:N/UI:N/S:U/C:H/I:H/A:H,cvssMetricV31,security@zyxel.com.tw,2,cpe:2.3:o:zyxel:lte3301-m209_firmware:*:*:*:*:*:*:*:*,A flaw in the Zyxel LTE3301-M209 firmware verisons prior to V1.00(ABLG.6)C0 could allow a remote attacker to access the device using an improper pre-configured password if the remote administration feature has been enabled by an authenticated adminis,https://nvd.nist.gov/vuln/detail/CVE-2022-40602,hard(suggested),,,,https://www.zyxel.com/global/en/support/security-advisories/zyxel-security-advisory-for-pre-configured-password-vulnerability-of-lte3301-m209,
CVE-2022-20607,lte,2022-12-16,8.8,CVSS:3.1/AV:N/AC:L/PR:L/UI:N/S:U/C:H/I:H/A:H,cvssMetricV31,nvd@nist.gov,2,cpe:2.3:o:google:android:-:*:*:*:*:*:*:*,"In the Pixel cellular firmware, there is a possible out of bounds write due to a missing bounds check. This could lead to remote code execution with LTE authentication needed. User interaction is not needed for exploitation.Product: AndroidVersions: ",https://nvd.nist.gov/vuln/detail/CVE-2022-20607,hard(suggested),,,,https://source.android.com/security/bulletin/pixel/2022-12-01,
CVE-2022-20610,lte,2022-12-16,8.8,CVSS:3.1/AV:N/AC:L/PR:L/UI:N/S:U/C:H/I:H/A:H,cvssMetricV31,nvd@nist.gov,2,cpe:2.3:o:google:android:-:*:*:*:*:*:*:*,"In cellular modem firmware, there is a possible out of bounds read due to a missing bounds check. This could lead to remote code execution with LTE authentication needed. User interaction is not needed for exploitation.Product: AndroidVersions: Andro",https://nvd.nist.gov/vuln/detail/CVE-2022-20610,hard(suggested),,,,https://source.android.com/security/bulletin/pixel/2022-12-01,
